Date;Day;course_code;Room;Allocated_students_count;Roll_list
30/04/2016;Saturday;CB204;Block9_502;56;"1401CB54;1401CB22;1401CB21;1401CB19;1401CB38;1401CB32;1401CB50;1401CB28;1401CB25;1401CB60;1401CB10;1401CB15;1401CB03;1401CB37;1401CB34;1401CB53;1401CB49;1401CB45;1401CB47;1401CB51;1401CB09;1401CB55;1401CB08;1401CB43;1401CB58;1401CB29;1401CB24;1401CB26;1401CB66;1401CB16;1401CB41;1401CB64;1401CB48;1401CB23;1401CB18;1401CB42;1401CB13;1401CB02;1401CB30;1401CB01;1401CB31;1401CB57;1401CB56;1401CB07;1401CB65;1401CB36;1401CB11;1401CB33;1401CB61;1401CB39;1401CB62;1401CB63;1401CB35;1401CB40;1401CB05;1401CB44"
30/04/2016;Saturday;CB308;Block9_502;29;"1301CB46;1301CB26;1301CB33;1301CB57;1301CB18;1301CB30;1301CB02;1301CB53;1301CB24;1301CB45;1301CB44;1301CB04;1301CB36;1301CB15;1301CB37;1301CB48;1301CB58;1301CB20;1301CB38;1301CB60;1301CB13;1301CB27;1301CB19;1301CB54;1301CB08;1301CB17;1301CB06;1301CB23;1301CB62"
30/04/2016;Saturday;CB308;Block9_107;25;"1301CB35;1301CB11;1301CB43;1301CB07;1301CB10;1301CB56;1301CB05;1301CB50;1301CB03;1301CB22;1301CB49;1301CB47;1301CB52;1301CB55;1301CB42;1301CB41;1301CB34;1301CB01;1301CB31;1301CB21;1301CB64;1301CB61;1301CB39;1301CB29;1301CB28"
30/04/2016;Saturday;CE216;Block9_107;42;"1401CE53;1401CE24;1401CE17;1401CE49;1401CE62;1401CE18;1401CE28;1401CE11;1401CE13;1401CE44;1401CE14;1401CE10;1401CE35;1401CE46;1401CE42;1401CE58;1401CE60;1401CE39;1401CE22;1401CE12;1401CE04;1401CE26;1401CE20;1401CE32;1401CE45;1401CE54;1401CE33;1401CE37;1401CE50;1401CE47;1401CE51;1401CE15;1401CE27;1401CE05;1401CE38;1401CE55;1401CE34;1401CE56;1401CE43;1401CE52;1401CE63;1401CE36"
30/04/2016;Saturday;CE216;Block9_102;12;"1401CE29;1401CE21;1401CE25;1401CE57;1401CE07;1401CE41;1401CE03;1401CE40;1401CE61;1401CE31;1401CE48;1401CE06"
30/04/2016;Saturday;CS249;Block9_102;40;"1401AI24;1401AI26;1401AI02;1401AI05;1401AI34;1401AI40;1401AI41;1401AI37;1401AI42;1401AI39;1401AI21;1401AI19;1401AI28;1401AI25;1401AI23;1401AI29;1401AI17;1401AI32;1401AI15;1401AI20;1401AI33;1401AI04;1401AI12;1401AI22;1401AI08;1401AI27;1401AI10;1401AI16;1401AI18;1401AI38;1401AI43;1401AI13;1401AI07;1401AI36;1401AI06;1401AI30;1401AI14;1401AI11;1401AI31;1401AI35"
30/04/2016;Saturday;MM202;Block9_102;15;"1401MM23;1401MM22;1401MM38;1401MM09;1401MM24;1401MM39;1401MM15;1401MM12;1401MM06;1401MM40;1401MM10;1401MM14;1401MM35;1401MM30;1401MM42"
30/04/2016;Saturday;MM202;Block9_109;17;"1401MM45;1401MM17;1401MM20;1401MM34;1401MM16;1401MM44;1401MM31;1401MM04;1401MM02;1401MM37;1401MM25;1401MM11;1401MM43;1401MM07;1401MM03;1401MM01;1401MM27"
30/04/2016;Saturday;MM304;Block9_109;29;"1301MM34;1301MM18;1301MM13;1301MM10;1301MM32;1301MM33;1301MM29;1301MM01;1301MM26;1301MM16;1301MM04;1301MM11;1301MM09;1301MM22;1301MM03;1301MM15;1301MM23;1301MM35;1301MM24;1301MM08;1301MM05;1301MM20;1301MM27;1301MM14;1301MM25;1301MM21;1301MM28;1301MM30;1301MM07"
30/04/2016;Saturday;PH422;Block9_109;21;"1512PH23;1512PH03;1512PH14;1512PH33;1512PH10;1512PH11;1512PH19;1512PH29;1512PH20;1512PH27;1512PH26;1512PH21;1512PH35;1512PH30;1512PH36;1512PH07;1512PH08;1512PH09;1512PH06;1512PH28;1512PH02"
30/04/2016;Saturday;PH422;Block9_303;7;"1512PH17;1512PH04;1512PH34;1512PH25;1512PH31;1512PH32;1512PH13"
30/04/2016;Saturday;CH426;Block9_303;26;"1512CH25;1512CH42;1512CH11;1512CH12;1512CH30;1512CH06;1512CH01;1512CH43;1512CH35;1512CH18;1512CH04;1512CH24;1512CH32;1512CH26;1512CH20;1512CH13;1512CH39;1512CH38;1512CH14;1512CH21;1512CH19;1512CH27;1512CH37;1512CH41;1512CH40;1512CH17"
01/05/2016;Sunday;HS202;Block9_502;85;"1401MC57;1401MC41;1401ME30;1401MC29;1401MC19;1401MC36;1401CS34;1401ME15;1401CB54;1401EE38;1401MC17;1401MC02;1401CE53;1401EE30;1401MC31;1401MC16;1401MC08;1401MC26;1401MC22;1401MC21;1401MC18;1401MC37;1401ME43;1401EE58;1401MC34;1401EE97;1401MC35;1401MC46;1401AI24;1401AI26;1401MC11;1401MC10;1401EE34;1401ME11;1401CB19;1401CB38;1401CE17;1401MC07;1401MC04;1401EE64;1401EE96;1401CE49;1401CE62;1401CB32;1401PH17;1401EE50;1401MM23;1401EE69;1401EE49;1401EE37;1401CE18;1401EE93;1401ME16;1401CE28;1401EE04;1401EE33;1401MC32;1401EE91;1401CE13;1401CE44;1401CS78;1401CE14;1401CE10;1401ME71;1401MM22;1401PH12;1401EE70;1401EE15;1401CB25;1401EE14;1401CB60;1401CE35;1401EE44;1401CE60;1401ME36;1401CE39;1401PH27;1401PH30;1401CB37;1401AI02;1401ME35;1401AI05;1401ME84;1401ME23;1401ME83"
01/05/2016;Sunday;HS202;Block9_107;67;"1401MM38;1401ME17;1401AI34;1401MC51;1401EE56;1401MC56;1401MC58;1401MC53;1401EE60;1401AI40;1401PH24;1401ME58;1401PH03;1401MM09;1401AI41;1401MM24;1401AI37;1401MM39;1401EE28;1401MM15;1401ME44;1401AI42;1401ME32;1401ME45;1401ME25;1401EE89;1401ME80;1401ME09;1401ME67;1401EE66;1401AI39;1401EE21;1401PH22;1401ME01;1401PH05;1401EE32;1401CB47;1401CB51;1401EE79;1401AI19;1401EE07;1401EE59;1401CE45;1401EE11;1401ME38;1401EE29;1401CB55;1401CB08;1401CB43;1401EE35;1401CB58;1401AI23;1401CB29;1401CE54;1401CB24;1401EE25;1401EE01;1401CB66;1401EE17;1401AI17;1401AI32;1401ME62;1401ME74;1401MM30;1401ME60;1401CE50;1401EE74"
01/05/2016;Sunday;HS202;Block9_102;67;"1401EE86;1401ME27;1401CB41;1401AI04;1401ME29;1401PH16;1401AI08;1401CB23;1401EE16;1401CB18;1401CB42;1401CB13;1401CE15;1401MM16;1401CE27;1401ME51;1401EE06;1401PH06;1401PH29;1401EE88;1401EE03;1401CE55;1401CE34;1401EE57;1401EE87;1401CB57;1401ME61;1401MM44;1401CB07;1401MC27;1401AI16;1401CE63;1401CB65;1401ME21;1401ME26;1401AI38;1401CB36;1401PH21;1401ME10;1401EE55;1401ME73;1401CE41;1401AI07;1401EE41;1401EE92;1401MM04;1401MM25;1401CB39;1401EE90;1401MM11;1401ME13;1401CB63;1401ME05;1401PH28;1401CS03;1401CS88;1401CS72;1401CS79;1401CS05;1401CS37;1401CS12;1401CS54;1401CS68;1401CS06;1401CS39;1401CS42;1401CS90"
01/05/2016;Sunday;HS202;Block9_109;65;"1401CS07;1401CS69;1401MM03;1401EE18;1401CS15;1401CS77;1401CB35;1401CS50;1401EE02;1401CS29;1401CS82;1401CB40;1401CB44;1401MC12;1401ME24;1401MC15;1401CS17;1401CS59;1401CS31;1401EE95;1401CS56;1401CS66;1401CS14;1401CS21;1401CS80;1401MM27;1401PH09;1401CS71;1401CS51;1401CS27;1401CS67;1401CS47;1401AI31;1401CS28;1401CS26;1401CS70;1401CS09;1401CS01;1401CS38;1401CS25;1401AI35;1401CB16;1401CS48;1401CS75;1401EE20;1401EE23;1401EE27;1401EE51;1401EE78;1401ME63;1401CS18;1401CS61;1401CE25;1401CS02;1401CS46;1401CS65;1401EE40;1401EE84;1401MC01;1401MM10;1401PH19;1401PH08;1401AI22;1401CE48;1401CE40"
01/05/2016;Sunday;HS331;Block9_109;2;"1301CS56;1301CB26"
01/05/2016;Sunday;HS331;Block9_303;67;"1301CE16;1301MM13;1301CE24;1301ME84;1301ME86;1301CB45;1301EE44;1301CB15;1301ME63;1301ME53;1301ME76;1301ME31;1301ME27;1301ME37;1301ME18;1301MM11;1301EE68;1301MM22;1301CB27;1301CB19;1301MM03;1301EE42;1301MM15;1301CE19;1301MM23;1301CS87;1301CB06;1301CB23;1301CB43;1301CS83;1301EE79;1301EE34;1301CE02;1301EE82;1301MM35;1301EE70;1301MM24;1301CB05;1301CB50;1301CS36;1301CB22;1301CB49;1301MM20;1301EE39;1301CS11;1301CB41;1301CE41;1301CE36;1301CE22;1301CE26;1301CB34;1301EE37;1301CS78;1301CS19;1301CS15;1301CS26;1301CS50;1301CS47;1301CS21;1301CS40;1301CS27;1301CS32;1301CE30;1301CE20;1301CE07;1301CS82;1301MM07"
01/05/2016;Sunday;HS331;Block9_104;67;"1301CS66;1301CS25;1301CS02;1301CS46;1301CS61;1301CS03;1301CB39;1301CB62;1301CE48;1301CE53;1301CE68;1301CS34;1301CS69;1301EE09;1301EE25;1301EE30;1301EE92;1301MM01;1301MM09;1301MM16;1301MM26;1301MM29;1301MM32;1301CE06;1301CE21;1301ME16;1301CB03;1301CB18;1301CB24;1301CB30;1301CB35;1301CE12;1301CE14;1301CE15;1301CE17;1301CE27;1301CE32;1301CE37;1301CE43;1301CE65;1301CE67;1301CS43;1301CS52;1301CS75;1301CS81;1301EE05;1301EE28;1301EE36;1301EE43;1301EE46;1301EE51;1301EE58;1301EE67;1301EE69;1301EE76;1301EE90;1301EE93;1301ME02;1301ME20;1301ME46;1301ME50;1301ME59;1301ME72;1301ME80;1301ME81;1301ME83;1301MM04"
01/05/2016;Sunday;HS331;Block9_308;15;"1301MM14;1301MM21;1301MM25;1301MM27;1301CE64;1301ME33;1301ME78;1301ME43;1301ME69;1301ME58;1301ME08;1301ME17;1301ME74;1301ME79;1301ME34"
01/05/2016;Sunday;HS212;Block9_308;35;"1401MC33;1401EE75;1401ME49;1401EE77;1401CB50;1401CE11;1401MC55;1401CB53;1401CE32;1401ME64;1401CS35;1401MM06;1401MC06;1401MM17;1401ME57;1401ME46;1401CB48;1401MM20;1401CE51;1401CE38;1401ME69;1401ME82;1401AI10;1401EE52;1401ME06;1401ME02;1401CE57;1401EE46;1401CS49;1401MM07;1401CS83;1401PH15;1401ME03;1401ME68;1401CE31"
01/05/2016;Sunday;HS212;Block9_106;25;"1401ME04;1401CB05;1401ME65;1401ME81;1401ME59;1401ME22;1401CS87;1401CS20;1401CS81;1401EE98;1401PH14;1401EE67;1401MC44;1401CB01;1401CB30;1401CS89;1401EE45;1401ME12;1401ME40;1401ME79;1401CB31;1401CE37;1401ME66;1401MM35;1401MM40"
01/05/2016;Sunday;HS212;Block9_105;25;"1401AI18;1401CB03;1401CB61;1401CB64;1401CE06;1401CE12;1401CE22;1401CE43;1401CE46;1401CE47;1401CE58;1401CS04;1401CS13;1401CS30;1401CS36;1401CS58;1401EE09;1401EE24;1401EE31;1401EE43;1401EE54;1401EE71;1401EE76;1401MC14;1401MC25"
01/05/2016;Sunday;HS212;Block9_101;25;"1401MC40;1401ME28;1401ME34;1401ME48;1401ME53;1401ME70;1401ME77;1401MM14;1401MM34;1401PH04;1401CB10;1401AI21;1401CE36;1401CE29;1401CS85;1401AI27;1401CS22;1401MM12;1401CE20;1401MM45;1401CE33;1401EE48;1401MM43;1401EE19;1401MC47"
01/05/2016;Sunday;HS212;Block9_103;14;"1401EE68;1401PH11;1401CS41;1401ME56;1401EE80;1401CS84;1401PH18;1401MM42;1401AI20;1401AI14;1401CS86;1401CS73;1401ME37;1401PH32"
01/05/2016;Sunday;HS341;Block9_103;11;"1301CS67;1301CB02;1301EE23;1301CB36;1301CB37;1301EE13;1301CS30;1301CB58;1301CB20;1301CB38;1301CB60"
01/05/2016;Sunday;HS341;Block9_301;25;"1301CS20;1301CB17;1301CE60;1301CS76;1301CB11;1301ME55;1301EE27;1301EE62;1301ME15;1301ME47;1301CS70;1301ME57;1301ME67;1301CB42;1301ME13;1301ME52;1301EE89;1301CS71;1301CE49;1301CS77;1301ME48;1301EE56;1301EE73;1301ME66;1301CB31"
01/05/2016;Sunday;HS341;Block9_302;25;"1301CS74;1301CB64;1301EE32;1301ME49;1301CB29;1301EE31;1301CB28;1301CE35;1301CE59;1301ME21;1301ME23;1301ME45;1301ME56;1201CS05;1301CB10;1301CB44;1301CB47;1301CB52;1301CB55;1301CB56;1301CB57;1301CE01;1301CE18;1301CE33;1301CE34"
01/05/2016;Sunday;HS341;Block9_110;25;"1301CE42;1301CE50;1301CE62;1301CE66;1301CS01;1301CS28;1301CS42;1301CS54;1301CS57;1301CS60;1301CS63;1301EE06;1301EE12;1301EE14;1301EE17;1301EE19;1301EE20;1301EE41;1301EE48;1301EE49;1301EE50;1301EE64;1301EE75;1301EE80;1301EE81"
01/05/2016;Sunday;HS341;Block9_108;11;"1301EE83;1301EE94;1301ME10;1301ME24;1301ME29;1301ME30;1301ME64;1301MM28;1301MM30;1301MM33;1301CS37"
01/05/2016;Sunday;HS225;Block9_108;14;"1401CB45;1401CS57;1401MM31;1401EE85;1401CS19;1401AI06;1401AI11;1401AI12;1401AI13;1401AI15;1401AI25;1401AI28;1401AI29;1401AI30"
01/05/2016;Sunday;HS225;Block9_305;25;"1401AI33;1401AI36;1401AI43;1401CB02;1401CB09;1401CB11;1401CB15;1401CB21;1401CB22;1401CB33;1401CB49;1401CB56;1401CE03;1401CE05;1401CE07;1401CE21;1401CE24;1401CE26;1401CE42;1401CE52;1401CE61;1401CS08;1401CS10;1401CS11;1401CS16"
01/05/2016;Sunday;HS225;Block9_304;25;"1401CS23;1401CS32;1401CS33;1401CS40;1401CS43;1401CS44;1401CS45;1401CS52;1401CS53;1401CS55;1401CS60;1401CS62;1401CS63;1401CS64;1401CS74;1401CS76;1401CS91;1401EE10;1401EE12;1401EE26;1401EE36;1401EE53;1401EE61;1401EE62;1401EE65"
01/05/2016;Sunday;HS225;Block9_307;25;"1401EE72;1401EE83;1401EE94;1401EE99;1401MC05;1401MC20;1401MC23;1401MC24;1401MC28;1401MC43;1401MC48;1401MC49;1401MC50;1401MC54;1401ME08;1401ME20;1401ME31;1401ME72;1401ME76;1401MM01;1401MM02;1401MM37;1401PH07;1401PH13;1401CS24"
01/05/2016;Sunday;HS225;Block9_306;7;"1401CE04;1401CB26;1401EE22;1401ME85;1401CB34;1401MC30;1401CB28"
01/05/2016;Sunday;HS312;Block9_306;18;"1301EE57;1301CS33;1301CS08;1301CB04;1301CB07;1301CB46;1301CB53;1301CB54;1301CE09;1301CE25;1301CE29;1301CE39;1301CE45;1301CE47;1301CE51;1301CE52;1301CE55;1301CE57"
01/05/2016;Sunday;HS312;Block9_309;25;"1301CS06;1301CS13;1301CS16;1301CS22;1301CS24;1301CS31;1301CS39;1301CS53;1301CS55;1301CS59;1301CS62;1301CS64;1301CS80;1301CS84;1301CS86;1301CS88;1301CS89;1301EE01;1301EE03;1301EE21;1301EE22;1301EE24;1301EE26;1301EE29;1301EE35"
01/05/2016;Sunday;HS312;Block9_310;25;"1301EE38;1301EE40;1301EE45;1301EE53;1301EE59;1301EE60;1301EE61;1301EE65;1301EE66;1301EE77;1301EE85;1301EE86;1301EE87;1301EE88;1301EE91;1301ME01;1301ME03;1301ME04;1301ME05;1301ME06;1301ME11;1301ME19;1301ME32;1301ME35;1301ME36"
01/05/2016;Sunday;HS312;Block9_409;20;"1301ME38;1301ME39;1301ME41;1301ME42;1301ME51;1301ME60;1301ME62;1301ME70;1301ME77;1301ME85;1301MM05;1301MM08;1301MM10;1301CE31;1301ME14;1301ME12;1301ME07;1301ME71;1301EE84;1301EE55"
01/05/2016;Sunday;HS312;Block9_410;6;"1301ME44;1301ME09;1301MM18;1301ME65;1301ME54;1301CB33"
01/05/2016;Sunday;CS341;Block9_410;14;"1301CS84;1301CS56;1301CS67;1301CS81;1301CS34;1301CS43;1301CS60;1301CS16;1301CS75;1301CS88;1301CS42;1301CS06;1301CS41;1301CS30"
01/05/2016;Sunday;CS341;LT001;65;"1301CS53;1301CS54;1301CS38;1301CS29;1301CS12;1301CS07;1301CS20;1301CS09;1301CS79;1301CS87;1301CS76;1301CS28;1301CS58;1301CS49;1301CS14;1301CS17;1301CS83;1301CS33;1301CS52;1301CS63;1301CS18;1301CS08;1301CS36;1301CS64;1301CS70;1301CS57;1301CS44;1301CS71;1301CS86;1301CS11;1301CS31;1301CS77;1301CS55;1301CS72;1301CS73;1301CS13;1301CS68;1301CS59;1301CS35;1301CS78;1301CS37;1301CS19;1301CS15;1301CS26;1301CS05;1301CS89;1301CS50;1301CS47;1301CS21;1301CS40;1301CS80;1301CS27;1301CS22;1301CS74;1301CS32;1301CS04;1301CS69;1301CS10;1301CS23;1301CS82;1301CS62;1301CS39;1301CS85;1301CS24;1301CS66"
01/05/2016;Sunday;CS341;LT101;8;"1301CS25;1301CS02;1301CS46;1301CS61;1301CS03;1301CS51;1301CS01;1201CS05"
01/05/2016;Sunday;EE320;LT101;57;"1301EE87;1301EE05;1301EE63;1301EE28;1301EE90;1301EE29;1301EE30;1301EE78;1301EE04;1301EE86;1301EE23;1301EE91;1301EE24;1301EE92;1301EE44;1301EE59;1301EE13;1301EE51;1301EE93;1301EE55;1301EE83;1301EE25;1301EE77;1301EE68;1301EE33;1301EE10;1301EE22;1301EE15;1301EE94;1301EE19;1301EE17;1301EE88;1301EE42;1301EE20;1301EE50;1301EE74;1301EE36;1301EE64;1301EE57;1301EE65;1301EE75;1301EE81;1301EE26;1301EE03;1301EE27;1301EE08;1301EE35;1301EE66;1301EE40;1301EE62;1301EE79;1301EE61;1301EE85;1301EE84;1301EE34;1301EE82;1301EE70"
01/05/2016;Sunday;EE320;LT002;29;"1301EE80;1301EE14;1301EE38;1301EE09;1301EE67;1301EE39;1301EE46;1301EE18;1301EE69;1301EE53;1301EE58;1301EE89;1301EE48;1301EE12;1301EE01;1301EE43;1301EE56;1301EE73;1301EE76;1301EE37;1301EE49;1301EE06;1301EE41;1301EE21;1301EE60;1301EE45;1301EE07;1301EE32;1301EE31"
01/05/2016;Sunday;ME312;LT002;36;"1301ME17;1301ME29;1301ME08;1301ME34;1301ME12;1301ME79;1301ME74;1301ME64;1301ME84;1301ME86;1301ME10;1301ME69;1301ME43;1301ME63;1301ME36;1301ME32;1301ME21;1301ME70;1301ME78;1301ME53;1301ME11;1301ME23;1301ME54;1301ME76;1301ME20;1301ME38;1301ME04;1301ME50;1301ME77;1301ME19;1301ME39;1301ME42;1301ME31;1301ME27;1301ME37;1301ME09"
01/05/2016;Sunday;ME312;LT003;42;"1301ME05;1301ME18;1301ME62;1301ME71;1301ME44;1301ME56;1301ME16;1301ME59;1301ME30;1301ME81;1301ME41;1301ME80;1301ME55;1301ME46;1301ME02;1301ME83;1301ME45;1301ME24;1301ME15;1301ME47;1301ME57;1301ME67;1301ME13;1301ME52;1301ME85;1301ME33;1301ME48;1301ME35;1301ME66;1301ME65;1301ME72;1301ME07;1301ME03;1301ME01;1301ME60;1301ME82;1301ME06;1301ME51;1301ME58;1301ME25;1301ME49;1301ME14"
01/05/2016;Sunday;CE314;LT003;23;"1301CE64;1301CE16;1301CE51;1301CE13;1301CE48;1301CE67;1301CE65;1301CE14;1301CE23;1301CE24;1301CE01;1301CE68;1301CE38;1301CE42;1301CE15;1301CE21;1301CE37;1301CE43;1301CE25;1301CE29;1301CE04;1301CE45;1301CE09"
01/05/2016;Sunday;CE314;LT103;33;"1301CE66;1301CE57;1301CE33;1301CE31;1301CE52;1301CE53;1301CE46;1301CE62;1301CE32;1301CE17;1301CE59;1301CE35;1301CE47;1301CE19;1301CE55;1301CE60;1301CE50;1301CE12;1301CE02;1301CE39;1301CE49;1301CE41;1301CE36;1301CE22;1301CE26;1301CE18;1301CE06;1301CE27;1301CE30;1301CE20;1301CE07;1301CE63;1301CE34"
01/05/2016;Sunday;CS514;LT103;32;"1511MC22;1511CS08;1511MC15;1511CS04;1511CS22;1511MC14;1511MC13;1511CS16;1511MC20;1511MC09;1511CS17;1511CS01;1511MC10;1511AI35;1511MC05;1511MC21;1511AI06;1511CS32;1511CS33;1511AI07;1511MC19;1511MC11;1511MC08;1511MC06;1511MC26;1511AI19;1511MC24;1511MC23;1511MC25;1511MC27;1511CS05;1511CS10"
02/05/2016;Monday;CS244;Block9_502;85;"1401MC57;1401MC40;1401MC28;1401MC47;1401MC41;1401ME30;1401MC29;1401MC19;1401MC36;1401MC23;1401ME15;1401CB54;1401EE38;1401CB22;1401MC17;1401MC02;1401MC33;1401CE53;1401EE30;1401MC31;1401MC16;1401MC08;1401MC26;1401MC22;1401MC21;1401CE24;1401MC01;1401MC18;1401MC37;1401EE75;1401ME43;1401EE58;1401MC34;1401EE97;1401MC35;1401MC46;1401CB21;1401MC11;1401MC10;1401ME49;1401EE34;1401MC48;1401ME11;1401CB19;1401EE77;1401CB38;1401CE17;1401MC07;1401EE10;1401MC04;1401MC50;1401EE64;1401EE96;1401CE49;1401CE62;1401CB32;1401MC24;1401EE50;1401MM23;1401MC25;1401MC20;1401EE69;1401EE49;1401EE37;1401EE36;1401CE18;1401EE93;1401ME16;1401CB50;1401CE28;1401EE04;1401EE33;1401CE11;1401MC32;1401EE91;1401ME79;1401EE31;1401CE13;1401CE44;1401CE14;1401CE10;1401ME71;1401MM22;1401EE70;1401MC14"
02/05/2016;Monday;CS244;Block9_107;67;"1401EE15;1401CB28;1401CB25;1401EE14;1401CB60;1401CE35;1401EE44;1401CE46;1401CE42;1401MC05;1401CE58;1401ME76;1401CE60;1401ME36;1401CE39;1401EE51;1401CB37;1401MC43;1401EE23;1401ME85;1401CB34;1401ME53;1401ME35;1401CE12;1401ME20;1401ME31;1401ME84;1401ME23;1401ME83;1401MM38;1401MC51;1401EE56;1401MC56;1401MC58;1401MC53;1401CE04;1401MC55;1401MC49;1401EE60;1401CE26;1401MC54;1401EE09;1401ME58;1401ME70;1401MM09;1401CB53;1401MM24;1401CB49;1401MM39;1401EE22;1401EE28;1401MM15;1401ME44;1401CE20;1401ME32;1401ME45;1401ME25;1401MM12;1401EE89;1401ME80;1401ME09;1401ME67;1401EE66;1401CE32;1401CB45;1401EE21;1401ME64"
02/05/2016;Monday;CS244;Block9_102;67;"1401CS35;1401ME01;1401EE48;1401EE32;1401CB47;1401CB51;1401EE79;1401CB09;1401EE07;1401EE59;1401CE45;1401EE80;1401EE11;1401EE29;1401MM06;1401CB55;1401CB08;1401CB43;1401EE35;1401MM40;1401CB58;1401CB29;1401CE54;1401CE37;1401CB24;1401MM10;1401MM14;1401EE25;1401EE01;1401CB26;1401EE17;1401MM35;1401ME62;1401EE71;1401EE84;1401MM30;1401ME60;1401MC30;1401CE50;1401CB16;1401EE78;1401EE40;1401EE74;1401EE94;1401EE86;1401ME27;1401MC06;1401CB41;1401CB64;1401ME57;1401ME72;1401ME29;1401CB23;1401EE16;1401EE27;1401CB42;1401CB13;1401CB02;1401CE15;1401CE27;1401EE99;1401EE20;1401CB30;1401EE06;1401EE88;1401EE03;1401CE38"
02/05/2016;Monday;CS244;Block9_109;67;"1401ME69;1401EE54;1401EE87;1401CB57;1401EE24;1401EE72;1401CE43;1401ME61;1401MM44;1401CE52;1401CB56;1401CB07;1401MC27;1401EE52;1401CE63;1401EE83;1401ME21;1401CE36;1401ME26;1401CE29;1401ME02;1401CB36;1401ME77;1401CE25;1401ME10;1401CB33;1401EE76;1401EE46;1401EE55;1401EE68;1401CE07;1401ME73;1401CE41;1401EE41;1401EE62;1401MM31;1401EE92;1401MM02;1401MM37;1401CB61;1401MM25;1401CB39;1401EE90;1401ME28;1401ME40;1401EE53;1401ME05;1401CE61;1401EE61;1401MM03;1401ME34;1401ME03;1401ME68;1401MM01;1401CE31;1401ME04;1401CB40;1401CB44;1401MC12;1401ME24;1401MC15;1401ME81;1401ME59;1401ME66;1401ME37;1401MM27;1401EE98"
02/05/2016;Monday;CS244;Block9_303;4;"1401EE19;1401EE67;1401MM45;1401EE43"
02/05/2016;Monday;CS267;Block9_303;63;"1401AI24;1401AI26;1401AI02;1401AI05;1401AI34;1401AI40;1401AI41;1401AI37;1401AI42;1401CS46;1401CS86;1401AI39;1401CS35;1401AI21;1401AI19;1401AI28;1401AI25;1401AI23;1401AI29;1401CS30;1401AI17;1401AI32;1401AI15;1401AI20;1401AI33;1401AI04;1401AI12;1401AI22;1401AI08;1401AI27;1401AI10;1401AI16;1401AI18;1401AI38;1401AI43;1401CS57;1401CS43;1401AI13;1401AI07;1401AI36;1401AI06;1401CS44;1401CS19;1401AI30;1401CS55;1401AI14;1401CS36;1401CS03;1401CS49;1401CS88;1401CS72;1401CS79;1401CS05;1401CS83;1401CS37;1401CS12;1401CS54;1401CS68;1401CS06;1401CS64;1401CS62;1401CS39;1401CS52"
02/05/2016;Monday;CS267;Block9_104;67;"1401CS33;1401AI11;1401CS42;1401CS90;1401CS07;1401CS22;1401CS23;1401CS69;1401CS73;1401CS15;1401CS77;1401CS50;1401CS91;1401CS58;1401CS29;1401CS82;1401CS53;1401CS16;1401CS89;1401CS11;1401CS17;1401CS59;1401CS76;1401CS74;1401CS31;1401CS61;1401CS56;1401CS60;1401CS66;1401CS14;1401CS21;1401CS10;1401CS65;1401CS80;1401CS48;1401CS71;1401CS51;1401CS27;1401CS63;1401CS84;1401CS08;1401CS67;1401CS32;1401CS87;1401CS02;1401CS40;1401CS04;1401CS13;1401CS47;1401CS45;1401CS41;1401CS85;1401AI31;1401CS20;1401CS28;1401CS81;1401CS26;1401CS70;1401CS09;1401CS75;1401CS01;1401CS38;1401CS25;1401AI35;1401CS34;1401CS78;1401CS24"
02/05/2016;Monday;CS267;Block9_308;1;1401CS18
02/05/2016;Monday;HS514;Block9_308;49;"1521HS17;1521EE21;1521CH10;1521CE12;1521ME13;1521MA11;1521EE25;1521HS12;1521CB11;1521HS09;1521MM09;1521EE22;1521CE16;1521CE13;1521CS18;1521CE08;1521CH07;1521CH06;1521CE15;1521HS20;1521HS19;1521CH13;1521EE31;1521CE09;1521EE23;1521CS28;1521EE28;1521MM07;1521HS14;1521HS16;1521HS18;1521HS13;1521CB13;1521CE07;1521PH26;1521CS19;1521PH27;1521CS31;1521CS30;1521CS21;1521CS16;1521ME19;1521CS33;1521MA09;1521CE10;1521ME15;1521ME14;1521CH05;1521EE30"
02/05/2016;Monday;HS514;Block9_106;25;"1521PH22;1521MM11;1521CS17;1421CS19;1521CS25;1521CS27;1521MM12;1621HS01;1621ME09;1621CE02;1621CE03;1621MA03;1621EE06;1621ME02;1621CH03;1621CS03;1621PH01;1621EE03;1621CS02;1621CS07;1621PH04;1621PH02;1621CE07;1621HS02;1621CE08"
02/05/2016;Monday;HS514;Block9_105;22;"1621CE09;1621CE01;1621CE04;1621MM02;1621MM04;1621ME07;1621CE06;1621ME10;1621EE04;1621HS08;1621HS03;1621HS04;1621HS05;1521CS32;1621EE07;1621EE05;1621MA05;1621MA02;1621EE02;1621HS09;1621ME12;1621ME15"
02/05/2016;Monday;EE309;Block9_105;3;"1301EE87;1301EE05;1301EE63"
02/05/2016;Monday;EE309;Block9_101;25;"1301EE28;1301EE90;1301EE29;1301EE30;1301EE78;1301EE04;1301EE86;1301EE23;1301EE91;1301EE24;1301EE92;1301EE44;1301EE59;1301EE13;1301EE51;1301EE93;1301EE55;1301EE83;1301EE25;1301EE77;1301EE68;1301EE33;1301EE10;1301EE22;1301EE15"
02/05/2016;Monday;EE309;Block9_103;25;"1301EE94;1301EE19;1301EE17;1301EE88;1301EE42;1301EE20;1301EE50;1301EE74;1301EE36;1301EE64;1301EE57;1301EE65;1301EE75;1301EE81;1301EE26;1301EE03;1301EE27;1301EE08;1301EE35;1301EE66;1301EE40;1301EE62;1301EE79;1301EE61;1301EE85"
02/05/2016;Monday;EE309;Block9_301;25;"1301EE84;1301EE34;1301EE82;1301EE70;1301EE80;1301EE14;1301EE38;1301EE09;1301EE67;1301EE39;1301EE46;1301EE18;1301EE69;1301EE53;1301EE58;1301EE89;1301EE48;1301EE12;1301EE01;1301EE43;1301EE56;1301EE73;1301EE76;1301EE37;1301EE49"
02/05/2016;Monday;EE309;Block9_302;8;"1301EE06;1301EE41;1301EE21;1301EE60;1301EE45;1301EE07;1301EE32;1301EE31"
02/05/2016;Monday;ME332;Block9_302;17;"1301ME17;1301ME29;1301ME08;1301ME34;1301ME12;1301ME79;1301ME74;1301ME64;1301ME84;1301ME14;1301ME86;1301ME10;1301ME69;1301ME43;1301ME63;1301ME36;1301ME32"
02/05/2016;Monday;ME332;Block9_110;25;"1301ME21;1301ME70;1301ME78;1301ME53;1301ME11;1301ME23;1301ME54;1301ME76;1301ME20;1301ME38;1301ME04;1301ME50;1301ME77;1301ME19;1301ME39;1301ME42;1301ME31;1301ME27;1301ME37;1301ME09;1301ME05;1301ME18;1301ME62;1301ME71;1301ME44"
02/05/2016;Monday;ME332;Block9_108;25;"1301ME56;1301ME16;1301ME59;1301ME30;1301ME81;1301ME41;1301ME80;1301ME55;1301ME46;1301ME02;1301ME83;1301ME45;1301ME24;1301ME15;1301ME47;1301ME57;1301ME67;1301ME13;1301ME52;1301ME85;1301ME33;1301ME48;1301ME35;1301ME66;1301ME65"
02/05/2016;Monday;ME332;Block9_305;11;"1301ME72;1301ME07;1301ME03;1301ME01;1301ME60;1301ME82;1301ME06;1301ME51;1301ME58;1301ME25;1301ME49"
02/05/2016;Monday;CB504;Block9_305;14;"1201CB04;1201CB46;1201CB50;1201CB47;1201CB06;1201CB42;1201CB52;1511EE28;1201CB39;1201CB09;1201CB43;1201CB08;1201CB10;1201CB37"
02/05/2016;Monday;CB504;Block9_304;25;"1511EE29;1511EE17;1511EE40;1201CB36;1511EE26;1511EE18;1511EE36;1201CB35;1201CB49;1201CB34;1511EE24;1201CB31;1201CB32;1201CB45;1201CB56;1201CB22;1201CB02;1201CB17;1201CB20;1201CB18;1201CB41;1201CB16;1201CB57;1201CB11;1201CB23"
02/05/2016;Monday;CB504;Block9_307;19;"1201CB55;1201CB13;1201CB51;1201CB19;1201CB40;1201CB48;1511EE43;1201CB54;1201CB03;1201CB53;1201CB14;1521CB11;1521CB13;1201CB33;1621CE08;1621CE09;1201CB07;1201CB25;1201CB28"
02/05/2016;Monday;CE318;Block9_307;6;"1301CE64;1301CE16;1301CE51;1301CE13;1301CE48;1301CE67"
02/05/2016;Monday;CE318;Block9_306;25;"1301CE65;1301CE14;1301CE23;1301CE24;1301CE01;1301CE68;1301CE38;1301CE42;1301CE15;1301CE21;1301CE37;1301CE43;1301CE25;1301CE29;1301CE04;1301CE45;1301CE09;1301CE66;1301CE57;1301CE33;1301CE31;1301CE52;1301CE53;1301CE46;1301CE62"
02/05/2016;Monday;CE318;Block9_309;25;"1301CE32;1301CE17;1301CE59;1301CE35;1301CE47;1301CE19;1301CE55;1301CE60;1301CE50;1301CE12;1301CE02;1301CE39;1301CE49;1301CE41;1301CE36;1301CE22;1301CE26;1301CE18;1301CE06;1301CE27;1301CE30;1301CE20;1301CE07;1301CE63;1301CE34"
02/05/2016;Monday;CB302;Block9_310;25;"1301CB46;1301CB26;1301CB33;1301CB57;1301CB18;1301CB30;1301CB02;1301CB53;1301CB24;1301CB45;1301CB44;1301CB04;1301CB36;1301CB15;1301CB37;1301CB48;1301CB58;1301CB20;1301CB38;1301CB60;1301CB13;1301CB27;1301CB19;1301CB54;1301CB08"
02/05/2016;Monday;CB302;Block9_409;20;"1301CB17;1301CB06;1301CB23;1301CB62;1301CB35;1301CB11;1301CB43;1301CB07;1301CB10;1301CB56;1301CB05;1301CB50;1301CB03;1301CB22;1301CB49;1301CB47;1301CB52;1301CB55;1301CB42;1301CB41"
02/05/2016;Monday;CB302;Block9_410;9;"1301CB34;1301CB01;1301CB31;1301CB21;1301CB64;1301CB61;1301CB39;1301CB29;1301CB28"
02/05/2016;Monday;CS392;Block9_410;11;"1301CS81;1301CS60;1301CS88;1301CS41;1301CS54;1301CS38;1301CS29;1301CS12;1301CS07;1301CS09;1301CS79"
02/05/2016;Monday;CS392;LT001;38;"1301CS87;1301CS28;1301CS58;1301CS49;1301CS83;1301CS52;1301CS18;1301CS08;1301CS36;1301CS70;1301CS44;1301CS86;1301CS11;1301CS73;1301CS35;1301CS78;1301CS05;1301CS50;1301CS47;1301CS21;1301CS40;1301CS80;1301CS27;1301CS74;1301CS04;1301CS10;1301CS23;1301CS82;1301CS62;1301CS85;1301CS25;1301CS02;1301CS46;1301CS61;1301CS03;1301CS51;1301CS01;1201CS05"
02/05/2016;Monday;PH201;LT001;27;"1401EE65;1401EE26;1401ME12;1401CE33;1401ME74;1401CE47;1401ME46;1401MM20;1401CE51;1401MM16;1401CE05;1401ME51;1401CB31;1401EE12;1401CE55;1401CE34;1401EE57;1401CB65;1401CE21;1401ME56;1401CE57;1401ME48;1401MM04;1401CE03;1401MM11;1401EE85;1401EE45"
02/05/2016;Monday;PH201;LT101;12;"1401ME13;1401CB63;1401CE40;1401MM07;1401CB35;1401CB05;1401ME65;1401EE95;1401CE48;1401ME22;1401ME82;1401CE06"
02/05/2016;Monday;CS372;LT101;38;"1301CS84;1301CS56;1301CS67;1301CS34;1301CS43;1301CS16;1301CS75;1301CS42;1301CS06;1301CS30;1301CS53;1301CS20;1301CS76;1301CS14;1301CS17;1301CS33;1301CS63;1301CS64;1301CS57;1301CS71;1301CS31;1301CS77;1301CS55;1301CS72;1301CS13;1301CS68;1301CS59;1301CS37;1301CS19;1301CS15;1301CS26;1301CS89;1301CS22;1301CS32;1301CS69;1301CS39;1301CS24;1301CS66"
02/05/2016;Monday;MA504;LT101;15;"1412MA22;1511MC22;1511MC15;1511MC14;1511MC13;1412MA10;1511MC20;1511MC09;1412MA20;1412MA01;1412MA14;1511MC10;1412MA25;1412MA08;1511MC05"
02/05/2016;Monday;MA504;LT002;20;"1511MC21;1412MA07;1511MC19;1511MC11;1412MA27;1511MC08;1511MC06;1412MA15;1511MC26;1511MC24;1511MC23;1511MC25;1412MA19;1412MA17;1511MC27;1511MC17;1312MA16;1521MA09;1621MA01;1621MA03"
02/05/2016;Monday;MA424;LT002;30;"1512MA22;1512MA05;1512MA01;1512MA20;1512MA32;1512MA31;1512MA03;1512MA23;1512MA14;1512MA09;1512MA12;1512MA02;1512MA30;1512MA29;1512MA27;1512MA26;1512MA18;1512MA08;1512MA25;1512MA11;1512MA06;1512MA33;1512MA19;1512MA34;1512MA28;1512MA17;1512MA13;1512MA24;1512MA07;1312MA09"
02/05/2016;Monday;CS546;LT002;15;"1511AI21;1511AI16;1511AI14;1511AI34;1511AI35;1511AI06;1511AI01;1511AI23;1511AI24;1511AI03;1511AI26;1511AI05;1511AI07;1511AI08;1511AI04"
02/05/2016;Monday;CS546;LT003;15;"1511AI32;1511AI33;1511AI18;1511AI15;1511AI13;1511AI19;1511AI02;1511AI28;1511AI09;1511AI20;1511AI22;1511AI12;1511AI10;1511AI27;1511AI29"
02/05/2016;Monday;MM302;LT003;29;"1301MM34;1301MM18;1301MM13;1301MM10;1301MM32;1301MM33;1301MM29;1301MM01;1301MM26;1301MM16;1301MM04;1301MM11;1301MM09;1301MM22;1301MM03;1301MM15;1301MM23;1301MM35;1301MM24;1301MM08;1301MM05;1301MM20;1301MM27;1301MM14;1301MM25;1301MM21;1301MM28;1301MM30;1301MM07"
02/05/2016;Monday;PH426;LT003;21;"1512PH23;1512PH03;1512PH14;1512PH33;1512PH10;1512PH11;1512PH19;1512PH29;1512PH20;1512PH27;1512PH26;1512PH21;1512PH35;1512PH30;1512PH36;1512PH07;1512PH08;1512PH09;1512PH06;1512PH28;1512PH02"
02/05/2016;Monday;PH426;LT103;7;"1512PH17;1512PH04;1512PH34;1512PH25;1512PH31;1512PH32;1512PH13"
02/05/2016;Monday;CH422;LT103;26;"1512CH25;1512CH42;1512CH11;1512CH12;1512CH30;1512CH06;1512CH01;1512CH43;1512CH35;1512CH18;1512CH04;1512CH24;1512CH32;1512CH26;1512CH20;1512CH13;1512CH39;1512CH38;1512CH14;1512CH21;1512CH19;1512CH27;1512CH37;1512CH41;1512CH40;1512CH17"
02/05/2016;Monday;EP206;LT103;24;"1401PH17;1401PH12;1401PH27;1401PH30;1401PH08;1401PH24;1401PH13;1401PH03;1401PH22;1401PH05;1401PH11;1401PH19;1401PH16;1401PH32;1401PH06;1401PH29;1401PH18;1401PH04;1401PH21;1401PH28;1401PH15;1401PH07;1401PH09;1401PH14"
02/05/2016;Monday;MM502;LT103;8;"1511MM15;1511MM08;1511MM02;1511MM07;1511MM06;1511MM05;1511MM03;1511MM04"
03/05/2016;Tuesday;CS551;Block9_502;85;"1201CS42;1511MT20;1201CS55;1511MC22;1201CS30;1201CS19;1511MT09;1511AI21;1511CS08;1511MT11;1201CS17;1201CS69;1201CS27;1201CS76;1201CS70;1511MC15;1201CS06;1201CS38;1201CS59;1201CS78;1511CS04;1511CS22;1201CS68;1201CS13;1201CS14;1201CS48;1201CS28;1201CS54;1201CS07;1201CS33;1201CS08;1201CS09;1511MC14;1201CS10;1511MC13;1511CS16;1201CS79;1201CS25;1511MC20;1201CS58;1511MC09;1201CS43;1201CS18;1201CS77;1201CS12;1201CS39;1201CS46;1201CS02;1511AI16;1201CS15;1201CS53;1201CS37;1511CS17;1201CS11;1201CS71;1201CS40;1511CS01;1201CS66;1201CS60;1511MC10;1201CS01;1201CS67;1201CS61;1201CS41;1201CS72;1201CS26;1201CS20;1201CS23;1201CS24;1201CS45;1201CS74;1201CS65;1511AI14;1511AI34;1511AI35;1201CS21;1511MC05;1201CS22;1511MC21;1201CS44;1511AI06;1511AI01;1511AI23;1511AI24;1511AI03"
03/05/2016;Tuesday;CS551;Block9_107;67;"1511AI26;1511CS32;1511CS33;1511MT02;1511AI05;1511MT15;1511AI07;1511MT18;1511MC19;1511MT17;1511AI08;1511AI04;1201CS64;1201CS75;1201CS16;1511AI32;1201CS34;1201CS63;1511MC11;1511MT06;1201CS03;1511AI33;1201CS51;1511MC08;1511MC06;1511AI18;1511MC26;1511AI15;1511AI13;1511MT19;1511AI19;1511AI02;1511AI28;1511AI09;1511AI20;1511AI22;1511AI12;1511MC24;1511MC23;1201CS50;1511AI10;1412MA11;1201CS49;1511AI27;1201CS62;1201CS31;1201CS57;1511MT01;1511MT23;1511MT22;1201CS52;1201CS32;1201CS04;1511AI29;1201CS73;1201CS35;1201CS36;1511MC27;1511CS05;1511CS10;1511CS07;1511CS29;1511MC17;1511CS26;1511CS19;1511CS12;1511CS34"
03/05/2016;Tuesday;CS551;Block9_102;21;"1511CS27;1511CS30;1511CS11;1511CS28;1511CS15;1511CS14;1511CS03;1201CS29;1521CS33;1521CS18;1201CS56;1521CS20;1521CS08;1521CS31;1621EE06;1621EE03;1621CS02;1621CS08;1621MA04;1621MA06;1511MC25"
03/05/2016;Tuesday;CS259;Block9_102;46;"1401AI24;1401AI26;1401AI02;1401AI05;1401AI34;1401AI40;1401AI41;1401AI37;1401AI42;1401CS46;1401CS86;1401AI39;1401CS35;1401AI21;1401AI19;1401AI28;1401AI25;1401AI23;1401AI29;1401CS30;1401AI17;1401AI32;1401AI15;1401AI20;1401AI33;1401AI04;1401AI12;1401AI22;1401AI08;1401AI27;1401AI10;1401AI16;1401AI18;1401AI38;1401AI43;1401CS57;1401CS43;1401AI13;1401AI07;1401AI36;1401AI06;1401CS44;1401CS19;1401AI30;1401CS55;1401AI14"
03/05/2016;Tuesday;CS259;Block9_109;67;"1401CS36;1401CS03;1401CS49;1401CS88;1401CS72;1401CS79;1401CS05;1401CS83;1401CS37;1401CS12;1401CS54;1401CS68;1401CS06;1401CS64;1401CS62;1401CS39;1401CS52;1401CS33;1401AI11;1401CS42;1401CS90;1401CS07;1401CS22;1401CS23;1401CS69;1401CS73;1401CS15;1401CS77;1401CS50;1401CS91;1401CS58;1401CS29;1401CS82;1401CS53;1401CS16;1401CS89;1401CS11;1401CS17;1401CS59;1401CS76;1401CS74;1401CS31;1401CS61;1401CS56;1401CS60;1401CS66;1401CS14;1401CS21;1401CS10;1401CS65;1401CS80;1401CS48;1401CS71;1401CS51;1401CS27;1401CS63;1401CS84;1401CS08;1401CS67;1401CS32;1401CS87;1401CS02;1401CS40;1401CS04;1401CS13;1401CS47;1401CS45"
03/05/2016;Tuesday;CS259;Block9_303;18;"1401CS41;1401CS85;1401AI31;1401CS20;1401CS28;1401CS81;1401CS26;1401CS70;1401CS09;1401CS75;1401CS01;1401CS38;1401CS25;1401AI35;1401CS34;1401CS78;1401CS24;1401CS18"
03/05/2016;Tuesday;EE205;Block9_303;49;"1401EE38;1401EE30;1401EE75;1401EE58;1401EE97;1401EE34;1401EE77;1401EE10;1401EE64;1401EE96;1401EE50;1401EE69;1401EE49;1401EE37;1401EE36;1401EE93;1401EE04;1401EE33;1401EE91;1401EE31;1401EE70;1401EE15;1401EE14;1401EE44;1401EE51;1401EE23;1401EE56;1401EE65;1401EE60;1401EE09;1401EE22;1401EE28;1401EE26;1401EE89;1401EE66;1401EE21;1401EE48;1401EE32;1401EE79;1401EE07;1401EE59;1401EE80;1401EE11;1401EE29;1401EE35;1401EE25;1401EE01;1401EE17;1401EE71"
03/05/2016;Tuesday;EE205;Block9_104;40;"1401EE84;1401EE78;1401EE40;1401EE74;1401EE94;1401EE43;1401EE86;1401EE16;1401EE27;1401EE99;1401EE20;1401EE06;1401EE88;1401EE03;1401EE54;1401EE12;1401EE57;1401EE87;1401EE24;1401EE72;1401EE52;1401EE83;1401EE76;1401EE46;1401EE55;1401EE68;1401EE41;1401EE62;1401EE92;1401EE90;1401EE85;1401EE45;1401EE53;1401EE61;1401EE18;1401EE02;1401EE95;1401EE98;1401EE19;1401EE67"
03/05/2016;Tuesday;CS358;Block9_104;27;"1301CS84;1301CS56;1301CS67;1301CS81;1301CS34;1301CS43;1301CS60;1301CS16;1301CS75;1301CS88;1301CS42;1301CS06;1301CS41;1301CS30;1301CS53;1301CS54;1301CS38;1301CS29;1301CS12;1301CS07;1301CS20;1301CS09;1301CS79;1301CS87;1301CS76;1301CS28;1301CS58"
03/05/2016;Tuesday;CS358;Block9_308;50;"1301CS49;1301CS14;1301CS17;1301CS83;1301CS33;1301CS52;1301CS63;1301CS18;1301CS08;1301CS36;1301CS64;1301CS70;1301CS57;1301CS44;1301CS71;1301CS86;1301CS11;1301CS31;1301CS77;1301CS55;1301CS72;1301CS73;1301CS13;1301CS68;1301CS59;1301CS35;1301CS78;1301CS37;1301CS19;1301CS15;1301CS26;1301CS05;1301CS89;1301CS50;1301CS47;1301CS21;1301CS40;1301CS80;1301CS27;1301CS22;1301CS74;1301CS32;1301CS04;1301CS69;1301CS10;1301CS23;1301CS82;1301CS62;1301CS39;1301CS85"
03/05/2016;Tuesday;CS358;Block9_106;10;"1301CS24;1301CS66;1301CS25;1301CS02;1301CS46;1301CS61;1301CS03;1301CS51;1301CS01;1201CS05"
03/05/2016;Tuesday;EE341;Block9_106;15;"1301EE87;1301EE05;1301EE63;1301EE28;1301EE90;1301EE29;1301EE30;1301EE78;1301EE04;1301EE86;1301EE23;1301EE91;1301EE24;1301EE92;1301EE44"
03/05/2016;Tuesday;EE341;Block9_105;25;"1301EE59;1301EE13;1301EE51;1301EE93;1301EE55;1301EE83;1301EE25;1301EE77;1301EE68;1301EE33;1301EE10;1301EE22;1301EE15;1301EE94;1301EE19;1301EE17;1301EE88;1301EE42;1301EE20;1301EE50;1301EE74;1301EE36;1301EE64;1301EE57;1301EE65"
03/05/2016;Tuesday;EE341;Block9_101;25;"1301EE75;1301EE81;1301EE26;1301EE03;1301EE27;1301EE08;1301EE35;1301EE66;1301EE40;1301EE62;1301EE79;1301EE61;1301EE85;1301EE84;1301EE34;1301EE82;1301EE70;1301EE80;1301EE14;1301EE38;1301EE09;1301EE67;1301EE39;1301EE46;1301EE18"
03/05/2016;Tuesday;EE341;Block9_103;21;"1301EE69;1301EE53;1301EE58;1301EE89;1301EE48;1301EE12;1301EE01;1301EE43;1301EE56;1301EE73;1301EE76;1301EE37;1301EE49;1301EE06;1301EE41;1301EE21;1301EE60;1301EE45;1301EE07;1301EE32;1301EE31"
03/05/2016;Tuesday;ME314;Block9_103;4;"1301ME17;1301ME29;1301ME08;1301ME34"
03/05/2016;Tuesday;ME314;Block9_301;25;"1301ME12;1301ME79;1301ME74;1301ME64;1301ME84;1301ME14;1301ME86;1301ME10;1301ME69;1301ME43;1301ME63;1301ME36;1301ME32;1301ME21;1301ME70;1301ME78;1301ME53;1301ME11;1301ME23;1301ME54;1301ME76;1301ME20;1301ME38;1301ME04;1301ME50"
03/05/2016;Tuesday;ME314;Block9_302;25;"1301ME77;1301ME19;1301ME39;1301ME42;1301ME31;1301ME27;1301ME37;1301ME09;1301ME05;1301ME18;1301ME62;1301ME71;1301ME44;1301ME56;1301ME16;1301ME59;1301ME30;1301ME81;1301ME41;1301ME80;1301ME55;1301ME46;1301ME02;1301ME83;1301ME45"
03/05/2016;Tuesday;ME314;Block9_110;24;"1301ME24;1301ME15;1301ME47;1301ME57;1301ME67;1301ME13;1301ME52;1301ME85;1301ME33;1301ME48;1301ME35;1301ME66;1301ME65;1301ME72;1301ME07;1301ME03;1301ME01;1301ME60;1301ME82;1301ME06;1301ME51;1301ME58;1301ME25;1301ME49"
03/05/2016;Tuesday;ME216;Block9_110;1;1401ME30
03/05/2016;Tuesday;ME216;Block9_108;25;"1401ME15;1401ME43;1401ME49;1401ME11;1401ME16;1401ME79;1401ME71;1401ME76;1401ME36;1401ME85;1401ME53;1401ME35;1401ME20;1401ME31;1401ME84;1401ME23;1401ME83;1401ME17;1401ME63;1401ME58;1401ME70;1401ME44;1401ME32;1401ME45;1401ME25"
03/05/2016;Tuesday;ME216;Block9_305;25;"1401ME12;1401ME80;1401ME09;1401ME67;1401ME64;1401ME01;1401ME38;1401ME62;1401ME74;1401ME60;1401ME27;1401ME57;1401ME72;1401ME29;1401ME46;1401ME51;1401ME08;1401ME69;1401ME82;1401ME61;1401ME21;1401ME26;1401ME06;1401ME02;1401ME77"
03/05/2016;Tuesday;ME216;Block9_304;19;"1401ME56;1401ME10;1401ME48;1401ME73;1401ME28;1401ME40;1401ME13;1401ME05;1401ME34;1401ME03;1401ME68;1401ME04;1401ME24;1401ME65;1401ME81;1401ME59;1401ME66;1401ME37;1401ME22"
03/05/2016;Tuesday;ME544;Block9_304;6;"1201ME22;1511ME25;1201ME50;1201ME55;1201ME58;1201ME52"
03/05/2016;Tuesday;ME544;Block9_307;25;"1201ME29;1201ME19;1201ME11;1201ME12;1201ME32;1201ME23;1201ME69;1201ME59;1201ME49;1511ME03;1201ME21;1201ME53;1201ME06;1201ME20;1201ME37;1201ME18;1511ME10;1201ME10;1511ME35;1201ME24;1201ME28;1511ME12;1201ME35;1201ME51;1201ME03"
03/05/2016;Tuesday;ME544;Block9_306;25;"1201ME63;1201ME36;1201ME14;1201ME04;1201ME33;1201ME68;1201ME48;1201ME56;1201ME27;1201ME38;1201ME43;1201ME45;1201ME41;1201ME46;1201ME16;1201ME72;1201ME42;1201ME17;1201ME65;1201ME40;1201ME67;1201ME26;1201ME13;1201ME73;1201ME39"
03/05/2016;Tuesday;ME544;Block9_309;5;"1421ME06;1621ME02;1621ME07;1621ME10;1621ME15"
03/05/2016;Tuesday;CE320;Block9_309;20;"1301CE64;1301CE16;1301CE51;1301CE13;1301CE48;1301CE67;1301CE65;1301CE14;1301CE23;1301CE24;1301CE01;1301CE68;1301CE38;1301CE42;1301CE15;1301CE21;1301CE37;1301CE43;1301CE25;1301CE29"
03/05/2016;Tuesday;CE320;Block9_310;25;"1301CE04;1301CE45;1301CE09;1301CE66;1301CE57;1301CE33;1301CE31;1301CE52;1301CE53;1301CE46;1301CE62;1301CE32;1301CE17;1301CE59;1301CE35;1301CE47;1301CE19;1301CE55;1301CE60;1301CE50;1301CE12;1301CE02;1301CE39;1301CE49;1301CE41"
03/05/2016;Tuesday;CE320;Block9_409;11;"1301CE36;1301CE22;1301CE26;1301CE18;1301CE06;1301CE27;1301CE30;1301CE20;1301CE07;1301CE63;1301CE34"
03/05/2016;Tuesday;CB206;Block9_409;9;"1401CB54;1401CB22;1401CB21;1401CB19;1401CB38;1401CB32;1401CB50;1401CB28;1401CB25"
03/05/2016;Tuesday;CB206;Block9_410;20;"1401CB60;1401CB10;1401CB15;1401CB03;1401CB37;1401CB34;1401CB53;1401CB49;1401CB45;1401CB47;1401CB51;1401CB09;1401CB55;1401CB08;1401CB43;1401CB58;1401CB29;1401CB24;1401CB26;1401CB66"
03/05/2016;Tuesday;CB206;LT001;27;"1401CB16;1401CB41;1401CB64;1401CB48;1401CB23;1401CB18;1401CB42;1401CB13;1401CB02;1401CB30;1401CB01;1401CB31;1401CB57;1401CB56;1401CB07;1401CB65;1401CB36;1401CB11;1401CB33;1401CB61;1401CB39;1401CB62;1401CB63;1401CB35;1401CB40;1401CB05;1401CB44"
03/05/2016;Tuesday;CB304;LT001;38;"1301CB46;1301CB26;1301CB33;1301CB57;1301CB18;1301CB30;1301CB02;1301CB53;1301CB24;1301CB45;1301CB44;1301CB04;1301CB36;1301CB15;1301CB37;1301CB48;1301CB58;1301CB20;1301CB38;1301CB60;1301CB13;1301CB27;1301CB19;1301CB54;1301CB08;1301CB17;1301CB06;1301CB23;1301CB62;1301CB35;1301CB11;1301CB43;1301CB07;1301CB10;1301CB56;1301CB05;1301CB50;1301CB03"
03/05/2016;Tuesday;CB304;LT101;16;"1301CB22;1301CB49;1301CB47;1301CB52;1301CB55;1301CB42;1301CB41;1301CB34;1301CB01;1301CB31;1301CB21;1301CB64;1301CB61;1301CB39;1301CB29;1301CB28"
03/05/2016;Tuesday;CE218;LT101;49;"1401CE53;1401CE24;1401CE17;1401CE49;1401CE62;1401CE18;1401CE28;1401CE11;1401CE13;1401CE44;1401CE14;1401CE10;1401CE35;1401CE46;1401CE42;1401CE58;1401CE60;1401CE39;1401CE22;1401CE12;1401CE04;1401CE26;1401CE20;1401CE32;1401CE45;1401CE54;1401CE33;1401CE37;1401CE50;1401CE47;1401CE51;1401CE15;1401CE27;1401CE05;1401CE38;1401CE55;1401CE34;1401CE56;1401CE43;1401CE52;1401CE63;1401CE36;1401CE29;1401CE21;1401CE25;1401CE57;1401CE07;1401CE41;1401CE03"
03/05/2016;Tuesday;CE218;LT002;5;"1401CE40;1401CE61;1401CE31;1401CE48;1401CE06"
03/05/2016;Tuesday;MA220;LT002;50;"1401MC57;1401MC40;1401MC28;1401MC47;1401MC41;1401MC29;1401MC19;1401MC36;1401MC23;1401MC17;1401MC02;1401MC33;1401MC31;1401MC16;1401MC08;1401MC26;1401MC22;1401MC21;1401MC01;1401MC18;1401MC37;1401MC34;1401MC35;1401MC46;1401MC11;1401MC10;1401MC48;1401MC07;1401MC04;1401MC50;1401MC24;1401MC25;1401MC20;1401MC32;1401MC14;1401MC05;1401MC43;1401MC51;1401MC56;1401MC58;1401MC53;1401MC55;1401MC49;1401MC54;1401MC30;1401MC06;1401MC27;1401MC12;1401MC15;1401MC44"
03/05/2016;Tuesday;MM206;LT002;10;"1401MM23;1401MM22;1401MM38;1401MM09;1401MM24;1401MM39;1401MM15;1401MM12;1401MM06;1401MM40"
03/05/2016;Tuesday;MM206;LT003;22;"1401MM10;1401MM14;1401MM35;1401MM30;1401MM42;1401MM45;1401MM17;1401MM20;1401MM34;1401MM16;1401MM44;1401MM31;1401MM04;1401MM02;1401MM37;1401MM25;1401MM11;1401MM43;1401MM07;1401MM03;1401MM01;1401MM27"
03/05/2016;Tuesday;MA428;LT003;30;"1512MA22;1512MA05;1512MA01;1512MA20;1512MA32;1512MA31;1512MA03;1512MA23;1512MA14;1512MA09;1512MA12;1512MA02;1512MA30;1512MA29;1512MA27;1512MA26;1512MA18;1512MA08;1512MA25;1512MA11;1512MA06;1512MA33;1512MA19;1512MA34;1512MA28;1512MA17;1512MA13;1512MA24;1512MA07;1312MA09"
03/05/2016;Tuesday;CH604;LT003;13;"1412CH18;1412CH29;1412CH05;1412CH21;1412CH19;1412CH11;1412CH26;1412CH10;1412CH01;1412CH15;1412CH28;1412CH12;1412CH22"
03/05/2016;Tuesday;CH604;LT103;16;"1412CH30;1412CH07;1412CH17;1412CH02;1412CH06;1412CH09;1412CH27;1412CH25;1412CH23;1412CH04;1521CH07;1521CH06;1521CH13;1521CH04;1621CH03;1121CH11"
03/05/2016;Tuesday;MM306;LT103;29;"1301MM34;1301MM18;1301MM13;1301MM10;1301MM32;1301MM33;1301MM29;1301MM01;1301MM26;1301MM16;1301MM04;1301MM11;1301MM09;1301MM22;1301MM03;1301MM15;1301MM23;1301MM35;1301MM24;1301MM08;1301MM05;1301MM20;1301MM27;1301MM14;1301MM25;1301MM21;1301MM28;1301MM30;1301MM07"
03/05/2016;Tuesday;PH420;LT103;20;"1512PH23;1512PH03;1512PH14;1512PH33;1512PH10;1512PH11;1512PH19;1512PH29;1512PH20;1512PH27;1512PH26;1512PH21;1512PH35;1512PH30;1512PH36;1512PH07;1512PH08;1512PH09;1512PH06;1512PH28"
04/05/2016;Wednesday;CS568;Block9_502;85;"1201CS42;1201CS55;1201CS19;1511AI21;1511CS08;1201CS69;1201CS27;1511MC15;1201CS59;1201CS78;1511CS04;1511CS22;1201CS48;1201CS28;1201CS54;1201CS07;1201CS33;1511MC14;1201CS10;1511MC13;1511CS16;1201CS25;1511MC20;1511MC09;1201CS12;1511AI16;1201CS15;1201CS37;1511CS17;1201CS11;1201CS71;1201CS40;1511CS01;1201CS60;1511MC10;1201CS01;1201CS67;1201CS61;1201CS72;1201CS20;1201CS23;1201CS24;1201CS45;1201CS74;1201CS65;1511AI14;1511AI34;1201CS21;1511MC05;1201CS22;1511MC21;1201CS44;1511AI01;1511AI23;1511AI24;1511AI03;1511AI26;1511CS32;1511CS33;1511AI05;1511MC19;1511AI08;1511AI04;1201CS64;1201CS16;1511AI32;1201CS34;1201CS63;1201CS03;1511AI33;1201CS51;1511AI18;1511MC26;1511AI15;1511AI13;1511AI02;1511AI28;1511AI09;1511AI20;1511AI22;1511AI12;1511MC24;1511MC23;1201CS50;1511MC25"
04/05/2016;Wednesday;CS568;Block9_107;35;"1511AI10;1201CS49;1511AI27;1201CS62;1201CS31;1201CS57;1201CS52;1201CS32;1201CS04;1511AI29;1201CS73;1201CS35;1201CS36;1511CS05;1511CS10;1511CS07;1511CS29;1511MC17;1511CS26;1511CS19;1511CS12;1511CS34;1511CS27;1511CS30;1511CS11;1511CS28;1511CS15;1511CS14;1511CS03;1521CS27;1521CS25;1201CS56;1521CS16;1521CS28;1621CE06"
04/05/2016;Wednesday;CS209;Block9_107;32;"1401CS46;1401CS86;1401CS35;1401CS30;1401CS57;1401CS43;1401CS44;1401CS19;1401CS55;1401CS36;1401CS03;1401CS49;1401CS88;1401CS72;1401CS79;1401CS05;1401CS83;1401CS37;1401CS12;1401CS54;1401CS68;1401CS06;1401CS64;1401CS62;1401CS39;1401CS52;1401CS33;1401CS42;1401CS90;1401CS07;1401CS22;1401CS23"
04/05/2016;Wednesday;CS209;Block9_102;59;"1401CS69;1401CS73;1401CS15;1401CS77;1401CS50;1401CS91;1401CS58;1401CS29;1401CS82;1401CS53;1401CS16;1401CS89;1401CS11;1401CS17;1401CS59;1401CS76;1401CS74;1401CS31;1401CS61;1401CS56;1401CS60;1401CS66;1401CS14;1401CS21;1401CS10;1401CS65;1401CS80;1401CS48;1401CS71;1401CS51;1401CS27;1401CS63;1401CS84;1401CS08;1401CS67;1401CS32;1401CS87;1401CS02;1401CS40;1401CS04;1401CS13;1401CS47;1401CS45;1401CS41;1401CS85;1401CS20;1401CS28;1401CS81;1401CS26;1401CS70;1401CS09;1401CS75;1401CS01;1401CS38;1401CS25;1401CS34;1401CS78;1401CS24;1401CS18"
04/05/2016;Wednesday;EE280;Block9_102;8;"1401EE38;1401EE30;1401EE75;1401EE58;1401EE97;1401EE34;1401EE77;1401EE10"
04/05/2016;Wednesday;EE280;Block9_109;67;"1401EE64;1401EE96;1401EE50;1401EE69;1401EE49;1401EE37;1401EE36;1401EE93;1401EE04;1401EE33;1401EE91;1401EE31;1401EE70;1401EE15;1401EE14;1401EE44;1401EE51;1401EE23;1401EE56;1401EE65;1401EE60;1401EE09;1401EE22;1401EE28;1401EE26;1401EE89;1401EE66;1401EE21;1401EE48;1401EE32;1401EE79;1401EE07;1401EE59;1401EE80;1401EE11;1401EE29;1401EE35;1401EE25;1401EE01;1401EE17;1401EE71;1401EE84;1401EE78;1401EE40;1401EE74;1401EE94;1401EE43;1401EE86;1401EE16;1401EE27;1401EE99;1401EE20;1401EE06;1401EE88;1401EE03;1401EE54;1401EE12;1401EE57;1401EE87;1401EE24;1401EE72;1401EE52;1401EE83;1401EE76;1401EE46;1401EE55;1401EE68"
04/05/2016;Wednesday;EE280;Block9_303;14;"1401EE41;1401EE62;1401EE92;1401EE90;1401EE85;1401EE45;1401EE53;1401EE61;1401EE18;1401EE02;1401EE95;1401EE98;1401EE19;1401EE67"
04/05/2016;Wednesday;EE382;Block9_303;53;"1301EE87;1301EE05;1301EE63;1301EE28;1301EE90;1301EE29;1301EE30;1301EE78;1301EE04;1301EE86;1301EE23;1301EE91;1301EE24;1301EE92;1301EE44;1301EE59;1301EE13;1301EE51;1301EE93;1301EE55;1301EE83;1301EE25;1301EE77;1301EE68;1301EE33;1301EE10;1301EE22;1301EE15;1301EE94;1301EE19;1301EE17;1301EE88;1301EE42;1301EE20;1301EE50;1301EE74;1301EE36;1301EE64;1301EE57;1301EE65;1301EE75;1301EE81;1301EE26;1301EE03;1301EE27;1301EE08;1301EE35;1301EE66;1301EE40;1301EE62;1301EE79;1301EE61;1301EE85"
04/05/2016;Wednesday;EE382;Block9_104;33;"1301EE84;1301EE34;1301EE82;1301EE70;1301EE80;1301EE14;1301EE38;1301EE09;1301EE67;1301EE39;1301EE46;1301EE18;1301EE69;1301EE53;1301EE58;1301EE89;1301EE48;1301EE12;1301EE01;1301EE43;1301EE56;1301EE73;1301EE76;1301EE37;1301EE49;1301EE06;1301EE41;1301EE21;1301EE60;1301EE45;1301EE07;1301EE32;1301EE31"
04/05/2016;Wednesday;ME214;Block9_104;34;"1401ME30;1401ME15;1401ME43;1401ME49;1401ME11;1401ME16;1401ME79;1401ME71;1401ME76;1401ME36;1401ME85;1401ME53;1401ME35;1401ME20;1401ME31;1401ME84;1401ME23;1401ME83;1401ME17;1401ME63;1401ME58;1401ME70;1401ME44;1401ME32;1401ME45;1401ME25;1401ME12;1401ME80;1401ME09;1401ME67;1401ME64;1401ME01;1401ME38;1401ME62"
04/05/2016;Wednesday;ME214;Block9_308;36;"1401ME74;1401ME60;1401ME27;1401ME57;1401ME72;1401ME29;1401ME46;1401ME51;1401ME08;1401ME69;1401ME82;1401ME61;1401ME21;1401ME26;1401ME06;1401ME02;1401ME77;1401ME56;1401ME10;1401ME48;1401ME73;1401ME28;1401ME40;1401ME13;1401ME05;1401ME34;1401ME03;1401ME68;1401ME04;1401ME24;1401ME65;1401ME81;1401ME59;1401ME66;1401ME37;1401ME22"
04/05/2016;Wednesday;CH607;Block9_308;14;"1412CH18;1412CH13;1412CH29;1412CH05;1412CH21;1412CH19;1412CH11;1412CH26;1412CH10;1412CH01;1412CH15;1412CH28;1412CH12;1412CH22"
04/05/2016;Wednesday;CH607;Block9_106;25;"1412CH30;1412CH07;1412CH17;1412CH02;1412CH06;1412CH09;1412CH27;1412CH25;1412CH23;1412CH04;1521CH03;1521CH07;1521CH06;1521CH13;1521CH04;1521CH05;1621CH03;1121CH05;1121CH07;1121CH08;1121CH12;1121CH13;1121CH14;1121CH15;1221CH05"
04/05/2016;Wednesday;CH607;Block9_105;20;"1221CH07;1221CH08;1221CH10;1221CH11;1221CH12;1321CH01;1321CH04;1321CH09;1421CH01;1421CH02;1421CH03;1421CH05;1421CH08;1421CH09;1421CH11;1421CH12;1421CH14;1421CH15;1521CH01;1521CH08"
04/05/2016;Wednesday;ME547;Block9_105;5;"1201ME22;1511MT20;1511MT09;1511ME25;1201ME50"
04/05/2016;Wednesday;ME547;Block9_101;25;"1201ME55;1201ME58;1201ME52;1201ME29;1201ME19;1201ME32;1201ME69;1201ME59;1201ME44;1201ME49;1201ME21;1201ME53;1201ME06;1201ME20;1201ME37;1201ME18;1201ME10;1201ME35;1201ME03;1201ME36;1201ME14;1201ME04;1201ME33;1201ME68;1201ME48"
04/05/2016;Wednesday;ME547;Block9_103;25;"1201ME56;1201ME27;1201ME38;1201ME43;1201ME45;1201ME41;1201ME46;1201ME16;1511MT02;1511MT15;1511MT08;1511MT18;1511MT17;1201ME72;1201ME42;1511MT13;1511MT06;1511MT12;1511MT19;1201ME65;1201ME40;1201ME67;1201ME26;1201ME13;1201ME73"
04/05/2016;Wednesday;ME547;Block9_301;4;"1511MT01;1511MT22;1201ME39;1511MT11"
04/05/2016;Wednesday;CE324;Block9_301;21;"1301CE64;1301CE16;1301CE51;1301CE13;1301CE48;1301CE67;1301CE65;1301CE14;1301CE23;1301CE24;1301CE01;1301CE68;1301CE38;1301CE42;1301CE15;1301CE21;1301CE37;1301CE43;1301CE25;1301CE29;1301CE04"
04/05/2016;Wednesday;CE324;Block9_302;25;"1301CE45;1301CE09;1301CE66;1301CE57;1301CE33;1301CE31;1301CE52;1301CE53;1301CE46;1301CE62;1301CE32;1301CE17;1301CE59;1301CE35;1301CE47;1301CE19;1301CE55;1301CE60;1301CE50;1301CE12;1301CE02;1301CE39;1301CE49;1301CE41;1301CE36"
04/05/2016;Wednesday;CE324;Block9_110;10;"1301CE22;1301CE26;1301CE18;1301CE06;1301CE27;1301CE30;1301CE20;1301CE07;1301CE63;1301CE34"
04/05/2016;Wednesday;CB208;Block9_110;15;"1401CB54;1401CB22;1401CB21;1401CB19;1401CB38;1401CB32;1401CB50;1401CB28;1401CB25;1401CB60;1401CB10;1401CB15;1401CB03;1401CB37;1401CB34"
04/05/2016;Wednesday;CB208;Block9_108;25;"1401CB53;1401CB49;1401CB45;1401CB47;1401CB51;1401CB09;1401CB55;1401CB08;1401CB43;1401CB58;1401CB29;1401CB24;1401CB26;1401CB66;1401CB16;1401CB41;1401CB64;1401CB48;1401CB23;1401CB18;1401CB42;1401CB13;1401CB02;1401CB30;1401CB01"
04/05/2016;Wednesday;CB208;Block9_305;16;"1401CB31;1401CB57;1401CB56;1401CB07;1401CB65;1401CB36;1401CB11;1401CB33;1401CB61;1401CB39;1401CB62;1401CB63;1401CB35;1401CB40;1401CB05;1401CB44"
04/05/2016;Wednesday;CE220;Block9_305;9;"1401CE53;1401CE24;1401CE17;1401CE49;1401CE62;1401CE18;1401CE28;1401CE11;1401CE13"
04/05/2016;Wednesday;CE220;Block9_304;25;"1401CE44;1401CE14;1401CE10;1401CE35;1401CE46;1401CE42;1401CE58;1401CE60;1401CE39;1401CE22;1401CE12;1401CE04;1401CE26;1401CE20;1401CE32;1401CE45;1401CE54;1401CE33;1401CE37;1401CE50;1401CE47;1401CE51;1401CE15;1401CE27;1401CE05"
04/05/2016;Wednesday;CE220;Block9_307;21;"1401CE38;1401CE55;1401CE34;1401CE56;1401CE43;1401CE52;1401CE63;1401CE36;1401CE29;1401CE21;1401CE25;1401CE57;1401CE07;1401CE41;1401CE03;1401CE40;1401CE61;1401CE31;1401CE48;1301CE06;1401CE06"
04/05/2016;Wednesday;CB424;Block9_307;4;"1301CB46;1301CB26;1301CB33;1301CB57"
04/05/2016;Wednesday;CB424;Block9_306;25;"1301CB18;1301CB30;1301CB02;1301CB53;1301CB24;1301CB45;1301CB44;1301CB04;1301CB36;1301CB15;1301CB37;1301CB48;1301CB58;1301CB20;1301CB38;1301CB60;1301CB13;1301CB27;1301CB19;1301CB54;1301CB08;1301CB17;1301CB06;1301CB23;1301CB62"
04/05/2016;Wednesday;CB424;Block9_309;25;"1301CB35;1301CB11;1301CB43;1301CB07;1301CB10;1301CB56;1301CB05;1301CB50;1301CB03;1301CB22;1301CB49;1301CB47;1301CB52;1301CB55;1301CB42;1301CB41;1301CB34;1301CB01;1301CB31;1301CB21;1301CB64;1301CB61;1301CB39;1301CB29;1301CB28"
04/05/2016;Wednesday;MA216;Block9_310;25;"1401MC57;1401MC40;1401MC28;1401MC47;1401MC41;1401MC29;1401MC19;1401MC36;1401MC23;1401MC17;1401MC02;1401MC33;1401MC31;1401MC16;1401MC08;1401MC26;1401MC22;1401MC21;1401MC01;1401MC18;1401MC37;1401MC34;1401MC35;1401MC46;1401MC11"
04/05/2016;Wednesday;MA216;Block9_409;20;"1401MC10;1401MC48;1401MC07;1401MC04;1401MC50;1401MC24;1401MC25;1401MC20;1401MC32;1401MC14;1401MC05;1401MC43;1401MC51;1401MC56;1401MC58;1401MC53;1401MC55;1401MC49;1401MC54;1401MC30"
04/05/2016;Wednesday;MA216;Block9_410;5;"1401MC06;1401MC27;1401MC12;1401MC15;1401MC44"
04/05/2016;Wednesday;MM510;Block9_410;15;"1201MM06;1201MM22;1201MM33;1201MM35;1201MM23;1201MM04;1201MM27;1201MM07;1201MM36;1201MM13;1201MM01;1201MM14;1201MM32;1201MM30;1201MM02"
04/05/2016;Wednesday;MM510;LT001;34;"1201MM37;1201MM03;1201MM05;1201MM28;1201MM20;1201MM10;1201MM31;1201MM26;1201MM25;1511MM15;1511ME24;1511ME28;1511MM08;1511MM02;1511MM07;1511ME31;1511MM06;1201MM15;1511MM05;1511MM03;1511MM04;1511MM17;1511MM01;1201MM11;1511MM14;1511ME33;1201MM18;1511ME26;1511MM09;1511MM13;1201MM09;1421ME06;1621MM04;1511ME06"
04/05/2016;Wednesday;CB502;LT001;31;"1201CB46;1201CB50;1201CB47;1201CB06;1201CB42;1201CB52;1201CB39;1201CB09;1201CB43;1201CB08;1201CB10;1201CB37;1201CB36;1201CB35;1201CB49;1201CB34;1201CB31;1201CB32;1201CB45;1201CB56;1201CB22;1201CB02;1201CB17;1201CB20;1201CB18;1201CB41;1201CB16;1201CB57;1201CB11;1201CB25;1201CB23"
04/05/2016;Wednesday;CB502;LT101;17;"1201CB55;1201CB13;1201CB51;1201CB19;1201CB40;1201CB28;1201CB48;1201CB54;1201CB03;1201CB53;1201CB07;1201CB14;1521CB03;1521CB13;1201CB33;1521CB11;1201CB04"
04/05/2016;Wednesday;MM204;LT101;32;"1401MM23;1401MM22;1401MM38;1401MM09;1401MM24;1401MM39;1401MM15;1401MM12;1401MM06;1401MM40;1401MM10;1401MM14;1401MM35;1401MM30;1401MM42;1401MM45;1401MM17;1401MM20;1401MM34;1401MM16;1401MM44;1401MM31;1401MM04;1401MM02;1401MM37;1401MM25;1401MM11;1401MM43;1401MM07;1401MM03;1401MM01;1401MM27"
04/05/2016;Wednesday;CS547;LT101;16;"1511MC22;1201CS30;1201CS17;1201CS76;1201CS70;1201CS06;1201CS38;1201CS68;1201CS13;1201CS14;1201CS08;1201CS09;1201CS79;1201CS58;1201CS43;1201CS18"
04/05/2016;Wednesday;CS547;LT002;14;"1201CS77;1201CS39;1201CS46;1201CS02;1201CS53;1201CS66;1201CS41;1201CS26;1201CS75;1511MC11;1511MC27;1201CS29;1521CS33;1521CS17"
04/05/2016;Wednesday;MA430;LT002;30;"1512MA22;1512MA05;1512MA01;1512MA20;1512MA32;1512MA31;1512MA03;1512MA23;1512MA14;1512MA09;1512MA12;1512MA02;1512MA30;1512MA29;1512MA27;1512MA26;1512MA18;1512MA08;1512MA25;1512MA11;1512MA06;1512MA33;1512MA19;1512MA34;1512MA28;1512MA17;1512MA13;1512MA24;1512MA07;1312MA09"
04/05/2016;Wednesday;PH428;LT002;21;"1512PH23;1512PH03;1512PH14;1512PH33;1512PH10;1512PH11;1512PH19;1512PH29;1512PH20;1512PH27;1512PH26;1512PH21;1512PH35;1512PH30;1512PH36;1512PH07;1512PH08;1512PH09;1512PH06;1512PH28;1512PH02"
04/05/2016;Wednesday;PH428;LT003;7;"1512PH17;1512PH04;1512PH34;1512PH25;1512PH31;1512PH32;1512PH13"
04/05/2016;Wednesday;CE545;LT003;27;"1511CE38;1511CE13;1511CE37;1511CE16;1511CE09;1511CE21;1511CE43;1511CE29;1511CE19;1511CE42;1511CE32;1511CE23;1511CE28;1511CE24;1511CE27;1511CE26;1511CE36;1511CE05;1511CE15;1511CE11;1511CE06;1511CE03;1511CE14;1511CE41;1511CE40;1511CE20;1521CE13"
04/05/2016;Wednesday;MA522;LT003;26;"1412MA22;1412MA13;1412MA10;1412MA20;1412MA01;1412MA26;1412MA14;1412MA03;1412MA02;1412MA12;1412MA06;1412MA25;1412MA16;1412MA23;1412MA05;1412MA08;1412MA21;1412MA09;1412MA07;1412MA29;1412MA27;1412MA15;1412MA19;1412MA17;1412MA11;1312MA16"
04/05/2016;Wednesday;CH424;LT003;5;"1512CH25;1512CH42;1512CH11;1512CH12;1512CH30"
04/05/2016;Wednesday;CH424;LT103;21;"1512CH06;1512CH01;1512CH43;1512CH35;1512CH18;1512CH04;1512CH24;1512CH32;1512CH26;1512CH20;1512CH13;1512CH39;1512CH38;1512CH14;1512CH21;1512CH19;1512CH27;1512CH37;1512CH41;1512CH40;1512CH17"
04/05/2016;Wednesday;EP204;LT103;24;"1401PH17;1401PH12;1401PH27;1401PH30;1401PH08;1401PH24;1401PH13;1401PH03;1401PH22;1401PH05;1401PH11;1401PH19;1401PH16;1401PH32;1401PH06;1401PH29;1401PH18;1401PH04;1401PH21;1401PH28;1401PH15;1401PH07;1401PH09;1401PH14"
04/05/2016;Wednesday;ME552;LT103;20;"1201ME07;1201ME11;1201ME12;1201ME23;1511ME03;1201ME61;1201ME62;1511ME10;1201ME24;1201ME31;1201ME28;1511ME12;1201ME51;1201ME63;1511ME08;1201ME17;1511ME21;1621ME02;1621ME07;1621ME10"
05/05/2016;Thursday;EE203;Block9_502;85;"1401EE38;1401EE30;1401EE75;1401EE58;1401EE97;1401EE34;1401EE77;1401EE10;1401EE64;1401EE96;1401EE50;1401EE69;1401EE49;1401EE37;1401EE36;1401EE93;1401EE04;1401EE33;1401EE91;1401EE31;1401EE70;1401EE15;1401EE14;1401EE44;1401EE51;1401EE23;1401EE56;1401EE65;1401EE60;1401EE09;1401EE22;1401EE28;1401EE26;1401EE89;1401EE66;1401EE21;1401EE48;1401EE32;1401EE79;1401EE07;1401EE59;1401EE80;1401EE11;1401EE29;1401EE35;1401EE25;1401EE01;1401EE17;1401EE71;1401EE84;1401EE78;1401EE40;1401EE74;1401EE94;1401EE43;1401EE86;1401EE16;1401EE27;1401EE99;1401EE20;1401EE06;1401EE88;1401EE03;1401EE54;1401EE12;1401EE57;1401EE87;1401EE24;1401EE72;1401EE52;1401EE83;1401EE76;1401EE46;1401EE55;1401EE68;1401EE41;1401EE62;1401EE92;1401EE90;1401EE85;1401EE45;1401EE53;1401EE61;1401EE18;1401EE02"
05/05/2016;Thursday;EE203;Block9_107;4;"1401EE95;1401EE98;1401EE19;1401EE67"
05/05/2016;Thursday;ME208;Block9_107;63;"1401ME30;1401ME15;1401ME43;1401ME49;1401ME11;1401ME16;1401ME79;1401ME71;1401ME76;1401ME36;1401ME85;1401ME53;1401ME35;1401ME20;1401ME31;1401ME84;1401ME23;1401ME83;1401ME17;1401ME63;1401ME58;1401ME70;1401ME44;1401ME32;1401ME45;1401ME25;1401ME12;1401ME80;1401ME09;1401ME67;1401ME64;1401ME01;1401ME38;1401ME62;1401ME74;1401ME60;1401ME27;1401ME57;1401ME72;1401ME29;1401ME46;1401ME51;1401ME08;1401ME69;1401ME82;1401ME61;1401ME21;1401ME26;1401ME06;1401ME02;1401ME77;1401ME56;1401ME10;1401ME48;1401ME73;1401ME28;1401ME40;1401ME13;1401ME05;1401ME34;1401ME03;1401ME68;1401ME04"
05/05/2016;Thursday;ME208;Block9_102;7;"1401ME24;1401ME65;1401ME81;1401ME59;1401ME66;1401ME37;1401ME22"
05/05/2016;Thursday;CB202;Block9_102;56;"1401CB54;1401CB22;1401CB21;1401CB19;1401CB38;1401CB32;1401CB50;1401CB28;1401CB25;1401CB60;1401CB10;1401CB15;1401CB03;1401CB37;1401CB34;1401CB53;1401CB49;1401CB45;1401CB47;1401CB51;1401CB09;1401CB55;1401CB08;1401CB43;1401CB58;1401CB29;1401CB24;1401CB26;1401CB66;1401CB16;1401CB41;1401CB64;1401CB48;1401CB23;1401CB18;1401CB42;1401CB13;1401CB02;1401CB30;1401CB01;1401CB31;1401CB57;1401CB56;1401CB07;1401CB65;1401CB36;1401CB11;1401CB33;1401CB61;1401CB39;1401CB62;1401CB63;1401CB35;1401CB40;1401CB05;1401CB44"
05/05/2016;Thursday;CE214;Block9_102;4;"1401CE53;1401CE24;1401CE17;1401CE49"
05/05/2016;Thursday;CE214;Block9_109;50;"1401CE62;1401CE18;1401CE28;1401CE11;1401CE13;1401CE44;1401CE14;1401CE10;1401CE35;1401CE46;1401CE42;1401CE58;1401CE60;1401CE39;1401CE22;1401CE12;1401CE04;1401CE26;1401CE20;1401CE32;1401CE45;1401CE54;1401CE33;1401CE37;1401CE50;1401CE47;1401CE51;1401CE15;1401CE27;1401CE05;1401CE38;1401CE55;1401CE34;1401CE56;1401CE43;1401CE52;1401CE63;1401CE36;1401CE29;1401CE21;1401CE25;1401CE57;1401CE07;1401CE41;1401CE03;1401CE40;1401CE61;1401CE31;1401CE48;1401CE06"
05/05/2016;Thursday;MA218;Block9_109;17;"1401MC57;1401MC40;1401MC28;1401MC47;1401MC41;1401MC29;1401MC19;1401MC36;1401MC23;1401MC17;1401MC02;1401MC33;1401MC31;1401MC16;1401MC08;1401MC26;1401MC22"
05/05/2016;Thursday;MA218;Block9_303;33;"1401MC21;1401MC01;1401MC18;1401MC37;1401MC34;1401MC35;1401MC46;1401MC11;1401MC10;1401MC48;1401MC07;1401MC04;1401MC50;1401MC24;1401MC25;1401MC20;1401MC32;1401MC14;1401MC05;1401MC43;1401MC51;1401MC56;1401MC58;1401MC53;1401MC55;1401MC49;1401MC54;1401MC30;1401MC06;1401MC27;1401MC12;1401MC15;1401MC44"
05/05/2016;Thursday;CB506;Block9_303;34;"1201CB04;1201CB46;1201CB50;1201CB47;1201CB06;1201CB42;1201CB52;1201CB39;1201CB09;1201CB43;1201CB08;1201CB10;1201CB37;1201CB36;1201CB35;1201CB49;1201CB34;1201CB31;1201CB32;1201CB45;1201CB56;1201CB22;1201CB02;1201CB17;1201CB20;1201CB18;1201CB41;1201CB16;1201CB57;1201CB11;1201CB25;1201CB23;1201CB55;1201CB13"
05/05/2016;Thursday;CB506;Block9_104;11;"1201CB51;1201CB19;1201CB40;1201CB28;1201CB48;1201CB54;1201CB03;1201CB53;1201CB07;1201CB14;1201CB33"
05/05/2016;Thursday;CS277;Block9_104;40;"1401AI24;1401AI26;1401AI02;1401AI05;1401AI34;1401AI40;1401AI41;1401AI37;1401AI42;1401AI39;1401AI21;1401AI19;1401AI28;1401AI25;1401AI23;1401AI29;1401AI17;1401AI32;1401AI15;1401AI20;1401AI33;1401AI04;1401AI12;1401AI22;1401AI08;1401AI27;1401AI10;1401AI16;1401AI18;1401AI38;1401AI43;1401AI13;1401AI07;1401AI36;1401AI06;1401AI30;1401AI14;1401AI11;1401AI31;1401AI35"
05/05/2016;Thursday;MA422;Block9_104;16;"1512MA22;1512MA05;1512MA01;1512MA20;1512MA32;1512MA31;1512MA03;1512MA23;1512MA14;1512MA09;1512MA12;1512MA02;1512MA30;1512MA29;1512MA27;1512MA26"
05/05/2016;Thursday;MA422;Block9_308;14;"1512MA18;1512MA08;1512MA25;1512MA11;1512MA06;1512MA33;1512MA19;1512MA34;1512MA28;1512MA17;1512MA13;1512MA24;1512MA07;1312MA09"
05/05/2016;Thursday;PH424;Block9_308;28;"1512PH23;1512PH03;1512PH14;1512PH33;1512PH10;1512PH11;1512PH19;1512PH29;1512PH20;1512PH27;1512PH26;1512PH21;1512PH35;1512PH30;1512PH36;1512PH07;1512PH08;1512PH09;1512PH06;1512PH28;1512PH02;1512PH17;1512PH04;1512PH34;1512PH25;1512PH31;1512PH32;1512PH13"
05/05/2016;Thursday;CH434;Block9_308;8;"1512CH25;1512CH42;1512CH11;1512CH12;1512CH30;1512CH06;1512CH01;1512CH43"
05/05/2016;Thursday;CH434;Block9_106;18;"1512CH35;1512CH18;1512CH04;1512CH24;1512CH32;1512CH26;1512CH20;1512CH13;1512CH39;1512CH38;1512CH14;1512CH21;1512CH19;1512CH27;1512CH37;1512CH41;1512CH40;1512CH17"
05/05/2016;Thursday;MA502;Block9_106;7;"1511MC22;1511MC15;1511MC14;1511MC13;1511MC20;1511MC09;1511MC10"
05/05/2016;Thursday;MA502;Block9_105;18;"1511MC05;1511MC21;1511MC19;1511MC11;1511MC08;1511MC06;1511MC26;1511MC24;1511MC23;1511MC25;1511MC27;1511MC17;1521CB12;1521EE28;1521MA09;1621MA01;1621MA04;1621MA06"
05/05/2016;Thursday;CS511;Block9_105;7;"1511CS08;1511CS04;1511CS22;1511CS16;1511CS17;1511CS01;1511CS32"
05/05/2016;Thursday;CS511;Block9_101;18;"1511CS33;1511CS05;1511CS10;1511CS07;1511CS29;1511CS26;1511CS19;1511CS12;1511CS34;1511CS27;1511CS30;1511CS11;1511CS28;1511CS15;1511CS14;1511CS03;1513CS01;1521CS32"
05/05/2016;Thursday;PH203;Block9_101;7;"1401CB10;1401CB15;1401CB03;1401CE22;1401ME17;1401ME63;1401CS86"
05/05/2016;Thursday;PH203;Block9_103;18;"1401ME38;1401CB66;1401MM42;1401MM17;1401CB48;1401CB18;1401MM34;1401ME08;1401CB01;1401CE56;1401ME06;1401CB11;1401CB62;1401MM43;1401EE18;1401EE02;1401MC44;1301MM22"
05/05/2016;Thursday;EP208;Block9_103;7;"1401PH17;1401PH12;1401PH27;1401PH30;1401PH08;1401PH24;1401PH13"
05/05/2016;Thursday;EP208;Block9_301;17;"1401PH03;1401PH22;1401PH05;1401PH11;1401PH19;1401PH16;1401PH32;1401PH06;1401PH29;1401PH18;1401PH04;1401PH21;1401PH28;1401PH15;1401PH07;1401PH09;1401PH14"
05/05/2016;Thursday;EE535;Block9_301;8;"1511EE08;1511EE05;1511EE01;1511EE47;1511EE07;1511EE39;1511EE46;1511EE03"
05/05/2016;Thursday;EE535;Block9_302;9;"1511EE09;1511EE44;1511EE38;1511EE06;1511EE33;1511EE34;1511EE11;1511EE04;1511EE10"
05/05/2016;Thursday;EE731;Block9_302;16;"1511EE08;1511EE47;1511EE07;1511EE39;1511EE46;1511EE03;1511EE09;1511EE44;1511EE38;1511EE06;1511EE33;1511EE34;1511EE11;1511EE04;1511EE10;1521EE30"
05/05/2016;Thursday;MA536;Block9_110;16;"1412MA13;1412MA20;1412MA26;1412MA03;1412MA02;1412MA12;1412MA06;1412MA16;1412MA23;1412MA05;1412MA21;1412MA09;1412MA29;1412MA15;1312MA16;1521MA11"
05/05/2016;Thursday;CE532;Block9_110;9;"1511CE38;1511CE13;1511CE37;1511CE16;1511CE19;1511CE04;1511CE15;1511CE14;1511CE34"
05/05/2016;Thursday;CE532;Block9_108;6;"1511CE39;1511CE20;1521CE07;1621CE02;1621CE03;1621CE07"
05/05/2016;Thursday;NT512;Block9_108;15;"1412PH14;1511MM15;1511EE22;1511MM08;1511MM02;1412PH13;1412PH25;1511EE42;1511EE31;1511MM05;1511MM03;1511MM04;1511MM14;1412PH06;1412PH16"
05/05/2016;Thursday;CE526;Block9_108;4;"1201CE45;1511CE09;1511CE21;1511CE43"
05/05/2016;Thursday;CE526;Block9_305;11;"1511CE29;1511CE32;1511CE23;1511CE28;1511CE24;1511CE27;1511CE26;1201CE07;1521CE16;1521CE08;1621CE06"
05/05/2016;Thursday;CE536;Block9_305;13;"1201CE29;1201CE49;1201CE31;1201CE28;1201CE20;1201CE38;1201CE44;1201CE19;1511CE08;1511CE31;1621CE08;1621CE09;1621CE04"
05/05/2016;Thursday;MM520;Block9_305;1;1511MM15
05/05/2016;Thursday;MM520;Block9_304;12;"1511MM08;1511MM02;1511MM07;1511MM06;1511MM05;1511MM03;1511MM04;1511MM17;1511MM01;1511MM14;1511MM09;1511MM13"
05/05/2016;Thursday;EE566;Block9_304;12;"1201EE35;1201EE03;1201EE02;1201EE42;1201EE01;1201EE76;1201EE64;1201EE21;1201EE20;1201EE08;1201EE51;1621EE04"
05/05/2016;Thursday;ME510;Block9_304;1;1201ME31
05/05/2016;Thursday;ME510;Block9_307;10;"1201ME25;1201ME15;1511MT15;1511MT08;1511MT13;1511MT12;1511ME21;1511ME20;1511MT01;1511MT23"
05/05/2016;Thursday;EE561;Block9_307;1;1511EE05
06/05/2016;Friday;MA225;Block9_502;85;"1401MC57;1401MC40;1401MC28;1401MC47;1401MC41;1401MC29;1401MC19;1401MC36;1401MC23;1401EE38;1401MC17;1401MC02;1401MC33;1401EE30;1401MC31;1401MC16;1401MC08;1401MC26;1401MC22;1401MC21;1401MC01;1401MC18;1401MC37;1401EE75;1401EE58;1401MC34;1401EE97;1401MC35;1401MC46;1401AI24;1401AI26;1401MC11;1401MC10;1401EE34;1401MC48;1401EE77;1401MC07;1401EE10;1401MC04;1401MC50;1401EE64;1401EE96;1401MC24;1401EE50;1401MC25;1401MC20;1401EE69;1401EE49;1401EE37;1401EE36;1401EE93;1401EE04;1401EE33;1401MC32;1401EE91;1401EE31;1401EE70;1401MC14;1401EE15;1401EE14;1401EE44;1401MC05;1401EE51;1401AI02;1401MC43;1401EE23;1401AI05;1401AI34;1401MC51;1401EE56;1401EE65;1401MC56;1401MC58;1401MC53;1401MC55;1401MC49;1401EE60;1401MC54;1401AI40;1401EE09;1401AI41;1401AI37;1401EE22;1401EE28;1401EE26"
06/05/2016;Friday;MA225;Block9_107;67;"1401AI42;1401CS46;1401EE89;1401EE66;1401AI39;1401EE21;1401AI21;1401EE48;1401EE32;1401EE79;1401AI19;1401EE07;1401EE59;1401EE80;1401EE11;1401EE29;1401AI28;1401AI25;1401EE35;1401AI23;1401AI29;1401CS30;1401EE25;1401EE01;1401EE17;1401AI17;1401AI32;1401AI15;1401EE71;1401EE84;1401MC30;1401EE78;1401EE40;1401EE74;1401AI20;1401EE94;1401EE43;1401EE86;1401MC06;1401AI33;1401AI04;1401AI12;1401AI22;1401AI08;1401AI27;1401EE16;1401EE27;1401EE99;1401EE20;1401EE06;1401EE88;1401EE03;1401EE54;1401EE12;1401EE57;1401EE87;1401EE24;1401EE72;1401AI10;1401MC27;1401EE52;1401AI16;1401EE83;1401AI18;1401AI38;1401AI43;1401CS57"
06/05/2016;Friday;MA225;Block9_102;67;"1401EE76;1401EE46;1401EE55;1401AI13;1401EE68;1401AI07;1401EE41;1401EE62;1401EE92;1401AI36;1401EE90;1401EE85;1401EE45;1401EE53;1401AI06;1401CS44;1401CS19;1401AI30;1401AI14;1401EE61;1401CS03;1401CS49;1401CS88;1401CS72;1401CS79;1401CS05;1401CS83;1401CS37;1401CS12;1401CS54;1401CS68;1401CS06;1401CS64;1401CS62;1401CS39;1401CS52;1401CS33;1401AI11;1401CS42;1401CS90;1401CS07;1401CS22;1401CS23;1401CS69;1401EE18;1401CS73;1401CS15;1401CS77;1401CS50;1401CS91;1401CS58;1401EE02;1401CS29;1401CS82;1401CS53;1401MC12;1401MC15;1401CS16;1401CS89;1401CS11;1401CS17;1401CS59;1401CS76;1401CS74;1401CS31;1401CS61;1401EE95"
06/05/2016;Friday;MA225;Block9_109;49;"1401CS56;1401CS60;1401CS66;1401CS14;1401CS21;1401CS10;1401CS65;1401CS80;1401CS48;1401CS71;1401CS51;1401CS27;1401CS63;1401CS84;1401CS08;1401CS67;1401CS32;1401CS87;1401CS02;1401CS40;1401CS04;1401CS13;1401CS47;1401CS45;1401CS41;1401CS85;1401AI31;1401CS20;1401CS28;1401CS81;1401CS26;1401EE98;1401CS70;1401CS09;1401CS75;1401EE19;1401CS01;1401CS38;1401CS25;1401AI35;1401EE67;1401MC44;1401CS34;1401CS55;1401CS36;1401CS78;1401CS24;1401CS18;1401CS43"
06/05/2016;Friday;CS563;Block9_109;18;"1201CS42;1201CS55;1201CS30;1511AI21;1511CS08;1201CS17;1201CS69;1201CS27;1201CS76;1201CS70;1201CS06;1201CS38;1201CS59;1201CS78;1511CS04;1511CS22;1201CS68;1201CS13"
06/05/2016;Friday;CS563;Block9_303;67;"1201CS14;1201CS48;1201CS28;1201CS54;1201CS07;1201CS33;1201CS08;1201CS10;1511CS16;1201CS79;1201CS18;1201CS77;1201CS12;1201CS39;1201CS46;1511AI16;1201CS15;1201CS53;1201CS37;1511CS17;1201CS11;1201CS71;1201CS40;1511CS01;1201CS66;1201CS60;1201CS01;1201CS67;1201CS61;1201CS41;1201CS72;1201CS26;1201CS20;1201CS23;1201CS24;1201CS45;1201CS74;1201CS65;1511AI14;1511AI34;1511AI35;1201CS21;1201CS22;1201CS44;1511AI06;1511AI01;1511AI23;1511AI24;1511AI03;1511AI26;1511CS32;1511CS33;1511AI05;1511AI07;1511AI08;1511AI04;1201CS64;1201CS75;1201CS16;1511AI32;1201CS34;1201CS63;1201CS03;1511AI33;1201CS51;1511MC08;1511MC06"
06/05/2016;Friday;CS563;Block9_104;49;"1511AI18;1511AI15;1511AI13;1511AI19;1511AI02;1511AI28;1511AI09;1511AI20;1511AI22;1511AI12;1201CS50;1511AI10;1412MA11;1201CS49;1511AI27;1201CS62;1201CS31;1201CS57;1201CS52;1201CS32;1201CS04;1511AI29;1201CS73;1201CS35;1201CS36;1511CS05;1511CS10;1511CS07;1511CS29;1511CS26;1511CS19;1511CS12;1511CS34;1511CS27;1511CS30;1511CS11;1511CS28;1511CS15;1511CS14;1511CS03;1201CS29;1521CS27;1521CS25;1421CS21;1521CS20;1201CS56;1521CS28;1621CS02;1621CS08"
06/05/2016;Friday;EE528;Block9_104;18;"1201EE72;1201EE56;1511EE08;1201EE23;1511EE05;1201EE33;1201EE16;1511EE14;1201EE31;1201EE14;1201EE04;1201EE29;1201EE30;1201EE25;1201EE32;1201EE69;1511EE01;1201EE27"
06/05/2016;Friday;EE528;Block9_308;50;"1201EE07;1201EE50;1511EE47;1201EE43;1511EE07;1201EE66;1511EE37;1511EE39;1511EE41;1511EE16;1511EE46;1201EE49;1201EE19;1511EE03;1511EE09;1201EE70;1201EE68;1201EE48;1201EE54;1201EE36;1201EE47;1201EE40;1201EE60;1201EE18;1201EE22;1201EE17;1201EE67;1201EE74;1511EE44;1201EE53;1201EE77;1201EE45;1201EE63;1201EE37;1201EE39;1201EE57;1201EE05;1201EE09;1201EE06;1201EE10;1201EE12;1201EE15;1201EE73;1201EE44;1201EE65;1201EE11;1201EE52;1201EE46;1511EE38;1201EE62"
06/05/2016;Friday;EE528;Block9_106;15;"1511EE06;1511EE33;1511EE34;1201EE28;1201EE55;1201EE59;1201EE75;1201EE41;1201EE58;1201EE24;1511EE11;1201EE34;1511EE04;1201EE61;1511EE10"
06/05/2016;Friday;CE568;Block9_106;10;"1511CE38;1201CE17;1201CE30;1511CE13;1511CE37;1201CE43;1511CE16;1201CE05;1511CE19;1201CE09"
06/05/2016;Friday;CE568;Block9_105;25;"1201CE51;1201CE06;1201CE03;1201CE54;1201CE32;1201CE39;1201CE40;1201CE50;1201CE27;1201CE35;1201CE22;1201CE48;1201CE16;1511CE42;1201CE24;1201CE56;1201CE10;1201CE41;1201CE08;1201CE04;1201CE36;1201CE26;1511CE36;1511CE08;1511CE05"
06/05/2016;Friday;CE568;Block9_101;22;"1201CE15;1201CE21;1511CE04;1511CE15;1511CE11;1201CE42;1201CE25;1511CE06;1511CE03;1511CE14;1201CE52;1201CE37;1511CE41;1201CE14;1201CE01;1201CE13;1511CE34;1201CE53;1511CE39;1201CE18;1511CE20;1621CE03"
06/05/2016;Friday;CE528;Block9_101;3;"1201CE34;1201CE45;1201CE17"
06/05/2016;Friday;CE528;Block9_103;25;"1201CE30;1201CE43;1511CE21;1511CE43;1201CE05;1201CE09;1201CE51;1201CE06;1201CE03;1201CE54;1201CE32;1201CE39;1201CE40;1201CE50;1201CE27;1201CE35;1201CE22;1201CE48;1201CE16;1511CE32;1511CE23;1511CE28;1511CE24;1511CE27;1201CE56"
06/05/2016;Friday;CE528;Block9_301;25;"1511CE26;1201CE10;1201CE41;1201CE08;1201CE04;1201CE07;1201CE36;1201CE26;1511CE36;1511CE08;1511CE05;1201CE15;1201CE21;1511CE11;1201CE42;1201CE25;1511CE06;1201CE52;1201CE37;1201CE14;1201CE01;1511CE40;1201CE13;1511CE34;1511CE31"
06/05/2016;Friday;CE528;Block9_302;3;"1511CE39;1201CE18;1521CE15"
06/05/2016;Friday;EE529;Block9_302;22;"1201EE29;1201EE43;1201EE72;1201EE56;1201EE03;1511EE08;1511EE05;1201EE33;1201EE14;1201EE25;1201EE69;1511EE01;1201EE27;1201EE07;1201EE50;1511EE47;1511EE07;1511EE39;1511EE46;1201EE49;1511EE03;1511EE09"
06/05/2016;Friday;EE529;Block9_110;25;"1201EE36;1201EE40;1201EE74;1511EE44;1201EE53;1201EE77;1201EE45;1201EE63;1201EE37;1201EE05;1201EE09;1201EE10;1201EE73;1201EE42;1201EE46;1201EE76;1511EE38;1201EE62;1511EE06;1511EE33;1511EE34;1201EE28;1201EE55;1201EE75;1201EE20"
06/05/2016;Friday;EE529;Block9_108;7;"1511EE11;1511EE04;1201EE51;1511EE10;1621EE03;1621EE06;1621CE06"
06/05/2016;Friday;MM512;Block9_108;18;"1201MM06;1201MM22;1201MM33;1201MM35;1201MM23;1201MM04;1201MM27;1201MM07;1201MM36;1201MM13;1201MM01;1201MM14;1201MM32;1201MM30;1201MM02;1201MM37;1201MM03;1201MM05"
06/05/2016;Friday;MM512;Block9_305;25;"1201MM28;1201MM20;1201MM10;1201MM31;1201MM26;1201MM25;1511MM15;1511ME24;1511ME28;1511ME03;1511ME10;1511MM08;1511MM02;1511MM07;1511ME31;1511ME35;1511MM06;1201MM15;1511ME12;1511MM05;1511MM03;1511MM04;1511ME18;1511ME09;1511ME06"
06/05/2016;Friday;MM512;Block9_304;10;"1511MM17;1511MM01;1201MM11;1511MM14;1511ME33;1201MM18;1511MM09;1511MM13;1511ME11;1201MM09"
06/05/2016;Friday;EE573;Block9_304;15;"1201EE35;1201EE23;1201EE16;1511EE14;1201EE31;1201EE30;1201EE32;1511EE22;1201EE66;1511EE37;1511EE42;1511EE31;1511EE41;1511EE16;1201EE02"
06/05/2016;Friday;EE573;Block9_307;25;"1201EE19;1201EE70;1201EE68;1201EE48;1201EE54;1201EE47;1201EE60;1201EE18;1201EE22;1201EE17;1201EE67;1201EE57;1201EE12;1201EE15;1201EE04;1201EE39;1201EE06;1201EE44;1201EE65;1201EE11;1201EE52;1201EE59;1201EE64;1201EE21;1201EE41"
06/05/2016;Friday;EE573;Block9_306;7;"1201EE58;1201EE24;1201EE08;1201EE34;1201EE61;1521EE31;1621EE04"
06/05/2016;Friday;MA546;Block9_306;18;"1511AI21;1511EE28;1511EE29;1511EE17;1511EE40;1511EE26;1511EE18;1511EE36;1511AI16;1511AI14;1511AI34;1511AI35;1511AI06;1511AI01;1511AI23;1511AI24;1511AI03;1511AI26"
06/05/2016;Friday;MA546;Block9_309;21;"1511AI05;1511AI07;1511AI08;1511AI04;1511AI32;1511AI33;1511AI18;1511EE43;1511AI15;1511AI13;1511AI19;1511AI02;1511AI28;1511AI09;1511AI20;1511AI22;1511AI12;1511AI10;1511AI27;1511AI29;1521EE28"
06/05/2016;Friday;MA426;Block9_309;4;"1512MA22;1512MA05;1512MA01;1512MA20"
06/05/2016;Friday;MA426;Block9_310;25;"1512MA32;1512MA31;1512MA03;1512MA23;1512MA14;1512MA09;1512MA12;1512MA02;1512MA30;1512MA29;1512MA27;1512MA26;1512MA18;1512MA08;1512MA25;1512MA11;1512MA06;1512MA33;1512MA19;1512MA34;1512MA28;1512MA17;1512MA13;1512MA24;1512MA07"
06/05/2016;Friday;MA426;Block9_409;1;1312MA09
06/05/2016;Friday;MA541;Block9_409;19;"1412MA22;1412MA13;1412MA10;1412MA20;1412MA01;1412MA26;1412MA14;1412MA03;1412MA02;1412MA12;1412MA06;1412MA25;1412MA16;1412MA23;1412MA05;1412MA08;1412MA21;1412MA09;1412MA07"
06/05/2016;Friday;MA541;Block9_410;9;"1412MA29;1412MA27;1412MA15;1412MA19;1412MA17;1412MA11;1312MA16;1621EE05;1621MA03"
06/05/2016;Friday;CH432;Block9_410;11;"1512CH25;1512CH42;1512CH11;1512CH12;1512CH30;1512CH06;1512CH01;1512CH43;1512CH35;1512CH18;1512CH04"
06/05/2016;Friday;CH432;LT001;15;"1512CH24;1512CH32;1512CH26;1512CH20;1512CH13;1512CH39;1512CH38;1512CH14;1512CH21;1512CH19;1512CH27;1512CH37;1512CH41;1512CH40;1512CH17"
06/05/2016;Friday;CE570;LT001;17;"1511CE38;1511CE13;1511CE37;1511CE16;1511CE19;1201CE24;1511CE04;1511CE15;1511CE03;1511CE14;1511CE41;1201CE53;1511CE20;1521CE14;1521CE07;1621CE02;1621CE07"
06/05/2016;Friday;CE534;LT001;16;"1201CE34;1201CE29;1201CE49;1201CE31;1201CE28;1201CE20;1201CE38;1201CE44;1201CE19;1511CE40;1511CE31;1521CE13;1521CE09;1521CE10;1621CE01;1621CE04"
06/05/2016;Friday;PH605;LT001;15;"1412PH22;1412PH18;1412PH05;1412PH24;1412PH01;1412PH13;1412PH25;1412PH26;1412PH04;1412PH20;1412PH07;1412PH21;1412PH02;1521PH27;1521CH05"
06/05/2016;Friday;CS508;LT001;2;"1201CS19;1201CS09"
06/05/2016;Friday;CS508;LT101;10;"1201CS25;1201CS58;1201CS43;1201CS02;1521CS32;1513CS01;1521CS17;1521CS18;1621CS03;1621CS07"
06/05/2016;Friday;ME541;LT101;9;"1511ME15;1511ME17;1511ME08;1511ME30;1511ME26;1511ME23;1511ME20;1511ME27;1521ME19"
06/05/2016;Friday;ME506;LT101;9;"1511MT20;1511MT09;1511MT11;1511ME25;1201ME25;1201ME15;1511MT02;1511MT08;1511ME21"
06/05/2016;Friday;HS702;LT101;8;"1521HS17;1521HS09;1521HS20;1521HS19;1521HS18;1621HS03;1621HS04;1621HS05"
06/05/2016;Friday;ME534;LT101;5;"1511MT18;1511MT17;1511MT13;1511MT12;1511MT22"
